Loan_ID,Gender,Married,Dependents,Education,Self_Employed,ApplicantIncome,CoapplicantIncome,LoanAmount,Loan_Amount_Term,Credit_History,Property_Area,Loan_Status,Total_Income,LTI,Binning,Stability
LP001002,Male,No,0,Graduate,No,5849,0.0,128.0,360.0,1.0,Urban,Y,5849.0,2.1884082749187894,Mid Income Group,Unstable
LP001003,Male,Yes,1,Graduate,No,4583,1508.0,128.0,360.0,1.0,Rural,N,6091.0,2.10146117222131,Mid Income Group,Stable
LP001005,Male,Yes,0,Graduate,Yes,3000,0.0,66.0,360.0,1.0,Urban,Y,3000.0,2.1999999999999997,Low Income Group,Unstable
LP001006,Male,Yes,0,Not Graduate,No,2583,2358.0,120.0,360.0,1.0,Urban,Y,4941.0,2.428658166363084,Low Income Group,Unstable
LP001008,Male,No,0,Graduate,No,6000,0.0,141.0,360.0,1.0,Urban,Y,6000.0,2.35,Mid Income Group,Unstable
LP001011,Male,Yes,2,Graduate,Yes,5417,4196.0,267.0,360.0,1.0,Urban,Y,9613.0,2.777488817226672,Mid Income Group,Unstable
LP001013,Male,Yes,0,Not Graduate,No,2333,1516.0,95.0,360.0,1.0,Urban,Y,3849.0,2.468173551571837,Low Income Group,Unstable
LP001014,Male,Yes,3+,Graduate,No,3036,2504.0,158.0,360.0,0.0,Semiurban,N,5540.0,2.851985559566787,Mid Income Group,Stable
LP001018,Male,Yes,2,Graduate,No,4006,1526.0,168.0,360.0,1.0,Urban,Y,5532.0,3.036876355748373,Mid Income Group,Stable
LP001020,Male,Yes,1,Graduate,No,12841,10968.0,349.0,360.0,1.0,Semiurban,N,23809.0,1.4658322483094628,High Income Group,Stable
LP001024,Male,Yes,2,Graduate,No,3200,700.0,70.0,360.0,1.0,Urban,Y,3900.0,1.7948717948717947,Low Income Group,Stable
LP001027,Male,Yes,2,Graduate,No,2500,1840.0,109.0,360.0,1.0,Urban,Y,4340.0,2.511520737327189,Low Income Group,Stable
LP001028,Male,Yes,2,Graduate,No,3073,8106.0,200.0,360.0,1.0,Urban,Y,11179.0,1.7890687896949637,High Income Group,Stable
LP001029,Male,No,0,Graduate,No,1853,2840.0,114.0,360.0,1.0,Rural,N,4693.0,2.42914979757085,Low Income Group,Unstable
LP001030,Male,Yes,2,Graduate,No,1299,1086.0,17.0,120.0,1.0,Urban,Y,2385.0,0.7127882599580713,Low Income Group,Stable
LP001032,Male,No,0,Graduate,No,4950,0.0,125.0,360.0,1.0,Urban,Y,4950.0,2.525252525252525,Low Income Group,Unstable
LP001034,Male,No,1,Not Graduate,No,3596,0.0,100.0,240.0,1.0,Urban,Y,3596.0,2.7808676307007785,Low Income Group,Unstable
LP001036,Female,No,0,Graduate,No,3510,0.0,76.0,360.0,0.0,Urban,N,3510.0,2.1652421652421654,Low Income Group,Unstable
LP001038,Male,Yes,0,Not Graduate,No,4887,0.0,133.0,360.0,1.0,Rural,N,4887.0,2.7215060364231634,Low Income Group,Unstable
LP001041,Male,Yes,0,Graduate,No,2600,3500.0,115.0,360.0,1.0,Urban,Y,6100.0,1.8852459016393444,Mid Income Group,Stable
LP001043,Male,Yes,0,Not Graduate,No,7660,0.0,104.0,360.0,0.0,Urban,N,7660.0,1.3577023498694516,Mid Income Group,Unstable
LP001046,Male,Yes,1,Graduate,No,5955,5625.0,315.0,360.0,1.0,Urban,Y,11580.0,2.7202072538860103,High Income Group,Stable
LP001047,Male,Yes,0,Not Graduate,No,2600,1911.0,116.0,360.0,0.0,Semiurban,N,4511.0,2.571491908667701,Low Income Group,Unstable
LP001050,Male,Yes,2,Not Graduate,No,3365,1917.0,112.0,360.0,0.0,Rural,N,5282.0,2.1204089360090874,Mid Income Group,Unstable
LP001052,Male,Yes,1,Graduate,No,3717,2925.0,151.0,360.0,1.0,Semiurban,N,6642.0,2.273411623005119,Mid Income Group,Stable
LP001066,Male,Yes,0,Graduate,Yes,9560,0.0,191.0,360.0,1.0,Semiurban,Y,9560.0,1.9979079497907952,Mid Income Group,Unstable
LP001068,Male,Yes,0,Graduate,No,2799,2253.0,122.0,360.0,1.0,Semiurban,Y,5052.0,2.414885193982581,Mid Income Group,Stable
LP001073,Male,Yes,2,Not Graduate,No,4226,1040.0,110.0,360.0,1.0,Urban,Y,5266.0,2.088872009115078,Mid Income Group,Unstable
LP001086,Male,No,0,Not Graduate,No,1442,0.0,35.0,360.0,1.0,Urban,N,1442.0,2.4271844660194173,Low Income Group,Unstable
LP001087,Female,No,2,Graduate,No,3750,2083.0,120.0,360.0,1.0,Semiurban,Y,5833.0,2.0572604148808504,Mid Income Group,Unstable
LP001091,Male,Yes,1,Graduate,No,4166,3369.0,201.0,360.0,1.0,Urban,N,7535.0,2.6675514266755145,Mid Income Group,Stable
LP001095,Male,No,0,Graduate,No,3167,0.0,74.0,360.0,1.0,Urban,N,3167.0,2.3365961477739186,Low Income Group,Unstable
LP001097,Male,No,1,Graduate,Yes,4692,0.0,106.0,360.0,1.0,Rural,N,4692.0,2.2591645353793695,Low Income Group,Unstable
LP001098,Male,Yes,0,Graduate,No,3500,1667.0,114.0,360.0,1.0,Semiurban,Y,5167.0,2.2063092703696534,Mid Income Group,Stable
LP001100,Male,No,3+,Graduate,No,12500,3000.0,320.0,360.0,1.0,Rural,N,15500.0,2.064516129032258,High Income Group,Unstable
LP001106,Male,Yes,0,Graduate,No,2275,2067.0,128.0,360.0,1.0,Urban,Y,4342.0,2.947950253339475,Low Income Group,Stable
LP001109,Male,Yes,0,Graduate,No,1828,1330.0,100.0,360.0,0.0,Urban,N,3158.0,3.1665611146295127,Low Income Group,Stable
LP001112,Female,Yes,0,Graduate,No,3667,1459.0,144.0,360.0,1.0,Semiurban,Y,5126.0,2.809207959422552,Mid Income Group,Stable
LP001114,Male,No,0,Graduate,No,4166,7210.0,184.0,360.0,1.0,Urban,Y,11376.0,1.6174402250351618,High Income Group,Unstable
LP001116,Male,No,0,Not Graduate,No,3748,1668.0,110.0,360.0,1.0,Semiurban,Y,5416.0,2.031019202363368,Mid Income Group,Unstable
LP001119,Male,No,0,Graduate,No,3600,0.0,80.0,360.0,1.0,Urban,N,3600.0,2.2222222222222223,Low Income Group,Unstable
LP001120,Male,No,0,Graduate,No,1800,1213.0,47.0,360.0,1.0,Urban,Y,3013.0,1.5599070693660804,Low Income Group,Unstable
LP001123,Male,Yes,0,Graduate,No,2400,0.0,75.0,360.0,1.0,Urban,Y,2400.0,3.125,Low Income Group,Stable
LP001131,Male,Yes,0,Graduate,No,3941,2336.0,134.0,360.0,1.0,Semiurban,Y,6277.0,2.1347777600764695,Mid Income Group,Stable
LP001136,Male,Yes,0,Not Graduate,Yes,4695,0.0,96.0,360.0,1.0,Urban,Y,4695.0,2.0447284345047922,Low Income Group,Unstable
LP001137,Female,No,0,Graduate,No,3410,0.0,88.0,360.0,1.0,Urban,Y,3410.0,2.5806451612903225,Low Income Group,Unstable
LP001138,Male,Yes,1,Graduate,No,5649,0.0,44.0,360.0,1.0,Urban,Y,5649.0,0.7788989201628607,Mid Income Group,Stable
LP001144,Male,Yes,0,Graduate,No,5821,0.0,144.0,360.0,1.0,Urban,Y,5821.0,2.473801752276241,Mid Income Group,Stable
LP001146,Female,Yes,0,Graduate,No,2645,3440.0,120.0,360.0,0.0,Urban,N,6085.0,1.9720624486442069,Mid Income Group,Stable
LP001151,Female,No,0,Graduate,No,4000,2275.0,144.0,360.0,1.0,Semiurban,Y,6275.0,2.2948207171314743,Mid Income Group,Unstable
LP001155,Female,Yes,0,Not Graduate,No,1928,1644.0,100.0,360.0,1.0,Semiurban,Y,3572.0,2.799552071668533,Low Income Group,Unstable
LP001157,Female,No,0,Graduate,No,3086,0.0,120.0,360.0,1.0,Semiurban,Y,3086.0,3.888528839922229,Low Income Group,Unstable
LP001164,Female,No,0,Graduate,No,4230,0.0,112.0,360.0,1.0,Semiurban,N,4230.0,2.647754137115839,Low Income Group,Unstable
LP001179,Male,Yes,2,Graduate,No,4616,0.0,134.0,360.0,1.0,Urban,N,4616.0,2.902946273830156,Low Income Group,Stable
LP001186,Female,Yes,1,Graduate,Yes,11500,0.0,286.0,360.0,0.0,Urban,N,11500.0,2.4869565217391307,High Income Group,Unstable
LP001194,Male,Yes,2,Graduate,No,2708,1167.0,97.0,360.0,1.0,Semiurban,Y,3875.0,2.503225806451613,Low Income Group,Stable
LP001195,Male,Yes,0,Graduate,No,2132,1591.0,96.0,360.0,1.0,Semiurban,Y,3723.0,2.5785656728444803,Low Income Group,Stable
LP001197,Male,Yes,0,Graduate,No,3366,2200.0,135.0,360.0,1.0,Rural,N,5566.0,2.4254401724757457,Mid Income Group,Stable
LP001198,Male,Yes,1,Graduate,No,8080,2250.0,180.0,360.0,1.0,Urban,Y,10330.0,1.7424975798644726,High Income Group,Stable
LP001199,Male,Yes,2,Not Graduate,No,3357,2859.0,144.0,360.0,1.0,Urban,Y,6216.0,2.3166023166023164,Mid Income Group,Unstable
LP001205,Male,Yes,0,Graduate,No,2500,3796.0,120.0,360.0,1.0,Urban,Y,6296.0,1.9059720457433291,Mid Income Group,Stable
LP001206,Male,Yes,3+,Graduate,No,3029,0.0,99.0,360.0,1.0,Urban,Y,3029.0,3.268405414328161,Low Income Group,Stable
LP001207,Male,Yes,0,Not Graduate,Yes,2609,3449.0,165.0,180.0,0.0,Rural,N,6058.0,2.723671178606801,Mid Income Group,Unstable
LP001213,Male,Yes,1,Graduate,No,4945,0.0,128.0,360.0,0.0,Rural,N,4945.0,2.588473205257836,Low Income Group,Stable
LP001222,Female,No,0,Graduate,No,4166,0.0,116.0,360.0,0.0,Semiurban,N,4166.0,2.784445511281805,Low Income Group,Unstable
LP001225,Male,Yes,0,Graduate,No,5726,4595.0,258.0,360.0,1.0,Semiurban,N,10321.0,2.4997577754093596,High Income Group,Stable
LP001228,Male,No,0,Not Graduate,No,3200,2254.0,126.0,180.0,0.0,Urban,N,5454.0,2.31023102310231,Mid Income Group,Unstable
LP001233,Male,Yes,1,Graduate,No,10750,0.0,312.0,360.0,1.0,Urban,Y,10750.0,2.902325581395349,High Income Group,Stable
LP001238,Male,Yes,3+,Not Graduate,Yes,7100,0.0,125.0,60.0,1.0,Urban,Y,7100.0,1.7605633802816902,Mid Income Group,Unstable
LP001241,Female,No,0,Graduate,No,4300,0.0,136.0,360.0,0.0,Semiurban,N,4300.0,3.1627906976744184,Low Income Group,Unstable
LP001243,Male,Yes,0,Graduate,No,3208,3066.0,172.0,360.0,1.0,Urban,Y,6274.0,2.741472744660504,Mid Income Group,Stable
LP001245,Male,Yes,2,Not Graduate,Yes,1875,1875.0,97.0,360.0,1.0,Semiurban,Y,3750.0,2.5866666666666664,Low Income Group,Unstable
LP001248,Male,No,0,Graduate,No,3500,0.0,81.0,300.0,1.0,Semiurban,Y,3500.0,2.314285714285714,Low Income Group,Unstable
LP001250,Male,Yes,3+,Not Graduate,No,4755,0.0,95.0,360.0,0.0,Semiurban,N,4755.0,1.9978969505783386,Low Income Group,Unstable
LP001253,Male,Yes,3+,Graduate,Yes,5266,1774.0,187.0,360.0,1.0,Semiurban,Y,7040.0,2.65625,Mid Income Group,Unstable
LP001255,Male,No,0,Graduate,No,3750,0.0,113.0,480.0,1.0,Urban,N,3750.0,3.0133333333333336,Low Income Group,Unstable
LP001256,Male,No,0,Graduate,No,3750,4750.0,176.0,360.0,1.0,Urban,N,8500.0,2.070588235294118,Mid Income Group,Unstable
LP001259,Male,Yes,1,Graduate,Yes,1000,3022.0,110.0,360.0,1.0,Urban,N,4022.0,2.734957732471407,Low Income Group,Unstable
LP001263,Male,Yes,3+,Graduate,No,3167,4000.0,180.0,300.0,0.0,Semiurban,N,7167.0,2.5115110925073254,Mid Income Group,Stable
LP001264,Male,Yes,3+,Not Graduate,Yes,3333,2166.0,130.0,360.0,1.0,Semiurban,Y,5499.0,2.3640661938534278,Mid Income Group,Unstable
LP001265,Female,No,0,Graduate,No,3846,0.0,111.0,360.0,1.0,Semiurban,Y,3846.0,2.886115444617785,Low Income Group,Unstable
LP001266,Male,Yes,1,Graduate,Yes,2395,0.0,128.0,360.0,1.0,Semiurban,Y,2395.0,5.34446764091858,Low Income Group,Unstable
LP001267,Female,Yes,2,Graduate,No,1378,1881.0,167.0,360.0,1.0,Urban,N,3259.0,5.1242712488493405,Low Income Group,Stable
LP001273,Male,Yes,0,Graduate,No,6000,2250.0,265.0,360.0,1.0,Semiurban,N,8250.0,3.212121212121212,Mid Income Group,Stable
LP001275,Male,Yes,1,Graduate,No,3988,0.0,50.0,240.0,1.0,Urban,Y,3988.0,1.2537612838515546,Low Income Group,Stable
LP001279,Male,No,0,Graduate,No,2366,2531.0,136.0,360.0,1.0,Semiurban,Y,4897.0,2.7772105370635085,Low Income Group,Unstable
LP001280,Male,Yes,2,Not Graduate,No,3333,2000.0,99.0,360.0,1.0,Semiurban,Y,5333.0,1.8563660228764298,Mid Income Group,Unstable
LP001282,Male,Yes,0,Graduate,No,2500,2118.0,104.0,360.0,1.0,Semiurban,Y,4618.0,2.252057167605024,Low Income Group,Stable
LP001289,Male,No,0,Graduate,No,8566,0.0,210.0,360.0,1.0,Urban,Y,8566.0,2.4515526500116738,Mid Income Group,Unstable
LP001310,Male,Yes,0,Graduate,No,5695,4167.0,175.0,360.0,1.0,Semiurban,Y,9862.0,1.7744879334820522,Mid Income Group,Stable
LP001316,Male,Yes,0,Graduate,No,2958,2900.0,131.0,360.0,1.0,Semiurban,Y,5858.0,2.2362581085694777,Mid Income Group,Stable
LP001318,Male,Yes,2,Graduate,No,6250,5654.0,188.0,180.0,1.0,Semiurban,Y,11904.0,1.5793010752688172,High Income Group,Stable
LP001319,Male,Yes,2,Not Graduate,No,3273,1820.0,81.0,360.0,1.0,Urban,Y,5093.0,1.5904182210877675,Mid Income Group,Unstable
LP001322,Male,No,0,Graduate,No,4133,0.0,122.0,360.0,1.0,Semiurban,Y,4133.0,2.951850955722236,Low Income Group,Unstable
LP001325,Male,No,0,Not Graduate,No,3620,0.0,25.0,120.0,1.0,Semiurban,Y,3620.0,0.6906077348066298,Low Income Group,Unstable
LP001326,Male,No,0,Graduate,No,6782,0.0,128.0,360.0,1.0,Urban,N,6782.0,1.8873488646416987,Mid Income Group,Unstable
LP001327,Female,Yes,0,Graduate,No,2484,2302.0,137.0,360.0,1.0,Semiurban,Y,4786.0,2.8625156707062267,Low Income Group,Stable
LP001333,Male,Yes,0,Graduate,No,1977,997.0,50.0,360.0,1.0,Semiurban,Y,2974.0,1.6812373907195695,Low Income Group,Stable
LP001334,Male,Yes,0,Not Graduate,No,4188,0.0,115.0,180.0,1.0,Semiurban,Y,4188.0,2.7459407831900666,Low Income Group,Unstable
LP001343,Male,Yes,0,Graduate,No,1759,3541.0,131.0,360.0,1.0,Semiurban,Y,5300.0,2.4716981132075473,Mid Income Group,Stable
LP001345,Male,Yes,2,Not Graduate,No,4288,3263.0,133.0,180.0,1.0,Urban,Y,7551.0,1.761356111773275,Mid Income Group,Unstable
LP001349,Male,No,0,Graduate,No,4843,3806.0,151.0,360.0,1.0,Semiurban,Y,8649.0,1.7458665741704245,Mid Income Group,Unstable
LP001350,Male,Yes,0,Graduate,No,13650,0.0,128.0,360.0,1.0,Urban,Y,13650.0,0.9377289377289377,High Income Group,Stable
LP001356,Male,Yes,0,Graduate,No,4652,3583.0,128.0,360.0,1.0,Semiurban,Y,8235.0,1.5543412264723742,Mid Income Group,Stable
LP001357,Male,Yes,0,Graduate,No,3816,754.0,160.0,360.0,1.0,Urban,Y,4570.0,3.50109409190372,Low Income Group,Stable
LP001367,Male,Yes,1,Graduate,No,3052,1030.0,100.0,360.0,1.0,Urban,Y,4082.0,2.449779519843214,Low Income Group,Stable
LP001369,Male,Yes,2,Graduate,No,11417,1126.0,225.0,360.0,1.0,Urban,Y,12543.0,1.793829227457546,High Income Group,Stable
LP001370,Male,No,0,Not Graduate,No,7333,0.0,120.0,360.0,1.0,Rural,N,7333.0,1.636438019909996,Mid Income Group,Unstable
LP001379,Male,Yes,2,Graduate,No,3800,3600.0,216.0,360.0,0.0,Urban,N,7400.0,2.918918918918919,Mid Income Group,Stable
LP001384,Male,Yes,3+,Not Graduate,No,2071,754.0,94.0,480.0,1.0,Semiurban,Y,2825.0,3.327433628318584,Low Income Group,Unstable
LP001385,Male,No,0,Graduate,No,5316,0.0,136.0,360.0,1.0,Urban,Y,5316.0,2.558314522197141,Mid Income Group,Unstable
LP001387,Female,Yes,0,Graduate,No,2929,2333.0,139.0,360.0,1.0,Semiurban,Y,5262.0,2.6415811478525275,Mid Income Group,Stable
LP001391,Male,Yes,0,Not Graduate,No,3572,4114.0,152.0,360.0,0.0,Rural,N,7686.0,1.9776216497527972,Mid Income Group,Unstable
LP001392,Female,No,1,Graduate,Yes,7451,0.0,128.0,360.0,1.0,Semiurban,Y,7451.0,1.7178902160783789,Mid Income Group,Unstable
LP001398,Male,No,0,Graduate,No,5050,0.0,118.0,360.0,1.0,Semiurban,Y,5050.0,2.3366336633663365,Mid Income Group,Unstable
LP001401,Male,Yes,1,Graduate,No,14583,0.0,185.0,180.0,1.0,Rural,Y,14583.0,1.2686004251525749,High Income Group,Stable
LP001404,Female,Yes,0,Graduate,No,3167,2283.0,154.0,360.0,1.0,Semiurban,Y,5450.0,2.8256880733944953,Mid Income Group,Stable
LP001405,Male,Yes,1,Graduate,No,2214,1398.0,85.0,360.0,1.0,Urban,Y,3612.0,2.353266888150609,Low Income Group,Stable
LP001421,Male,Yes,0,Graduate,No,5568,2142.0,175.0,360.0,1.0,Rural,N,7710.0,2.2697795071335927,Mid Income Group,Stable
LP001422,Female,No,0,Graduate,No,10408,0.0,259.0,360.0,1.0,Urban,Y,10408.0,2.488470407378939,High Income Group,Unstable
LP001426,Male,Yes,0,Graduate,No,5667,2667.0,180.0,360.0,1.0,Rural,Y,8334.0,2.159827213822894,Mid Income Group,Stable
LP001430,Female,No,0,Graduate,No,4166,0.0,44.0,360.0,1.0,Semiurban,Y,4166.0,1.056168987037926,Low Income Group,Unstable
LP001431,Female,No,0,Graduate,No,2137,8980.0,137.0,360.0,0.0,Semiurban,Y,11117.0,1.232346856166232,High Income Group,Unstable
LP001432,Male,Yes,2,Graduate,No,2957,0.0,81.0,360.0,1.0,Semiurban,Y,2957.0,2.7392627663172133,Low Income Group,Stable
LP001439,Male,Yes,0,Not Graduate,No,4300,2014.0,194.0,360.0,1.0,Rural,Y,6314.0,3.0725372188786824,Mid Income Group,Unstable
LP001443,Female,No,0,Graduate,No,3692,0.0,93.0,360.0,1.0,Rural,Y,3692.0,2.5189599133261105,Low Income Group,Unstable
LP001448,Male,Yes,3+,Graduate,No,23803,0.0,370.0,360.0,1.0,Rural,Y,23803.0,1.55442591270008,High Income Group,Stable
LP001449,Male,No,0,Graduate,No,3865,1640.0,128.0,360.0,1.0,Rural,Y,5505.0,2.3251589464123525,Mid Income Group,Unstable
LP001451,Male,Yes,1,Graduate,Yes,10513,3850.0,160.0,180.0,0.0,Urban,N,14363.0,1.1139734038849822,High Income Group,Unstable
LP001465,Male,Yes,0,Graduate,No,6080,2569.0,182.0,360.0,1.0,Rural,N,8649.0,2.1042895132385246,Mid Income Group,Stable
LP001469,Male,No,0,Graduate,Yes,20166,0.0,650.0,480.0,1.0,Urban,Y,20166.0,3.223247049489239,High Income Group,Unstable
LP001473,Male,No,0,Graduate,No,2014,1929.0,74.0,360.0,1.0,Urban,Y,3943.0,1.8767435962465127,Low Income Group,Unstable
LP001478,Male,No,0,Graduate,No,2718,0.0,70.0,360.0,1.0,Semiurban,Y,2718.0,2.57542310522443,Low Income Group,Unstable
LP001482,Male,Yes,0,Graduate,Yes,3459,0.0,25.0,120.0,1.0,Semiurban,Y,3459.0,0.7227522405319456,Low Income Group,Unstable
LP001487,Male,No,0,Graduate,No,4895,0.0,102.0,360.0,1.0,Semiurban,Y,4895.0,2.0837589376915218,Low Income Group,Unstable
LP001488,Male,Yes,3+,Graduate,No,4000,7750.0,290.0,360.0,1.0,Semiurban,N,11750.0,2.4680851063829787,High Income Group,Stable
LP001489,Female,Yes,0,Graduate,No,4583,0.0,84.0,360.0,1.0,Rural,N,4583.0,1.83286057167794,Low Income Group,Stable
LP001491,Male,Yes,2,Graduate,Yes,3316,3500.0,88.0,360.0,1.0,Urban,Y,6816.0,1.2910798122065728,Mid Income Group,Unstable
LP001492,Male,No,0,Graduate,No,14999,0.0,242.0,360.0,0.0,Semiurban,N,14999.0,1.6134408960597373,High Income Group,Unstable
LP001493,Male,Yes,2,Not Graduate,No,4200,1430.0,129.0,360.0,1.0,Rural,N,5630.0,2.291296625222025,Mid Income Group,Unstable
LP001497,Male,Yes,2,Graduate,No,5042,2083.0,185.0,360.0,1.0,Rural,N,7125.0,2.5964912280701755,Mid Income Group,Stable
LP001498,Male,No,0,Graduate,No,5417,0.0,168.0,360.0,1.0,Urban,Y,5417.0,3.1013476093778842,Mid Income Group,Unstable
LP001504,Male,No,0,Graduate,Yes,6950,0.0,175.0,180.0,1.0,Semiurban,Y,6950.0,2.5179856115107913,Mid Income Group,Unstable
LP001507,Male,Yes,0,Graduate,No,2698,2034.0,122.0,360.0,1.0,Semiurban,Y,4732.0,2.578191039729501,Low Income Group,Stable
LP001508,Male,Yes,2,Graduate,No,11757,0.0,187.0,180.0,1.0,Urban,Y,11757.0,1.5905418048821978,High Income Group,Stable
LP001514,Female,Yes,0,Graduate,No,2330,4486.0,100.0,360.0,1.0,Semiurban,Y,6816.0,1.4671361502347418,Mid Income Group,Stable
LP001516,Female,Yes,2,Graduate,No,14866,0.0,70.0,360.0,1.0,Urban,Y,14866.0,0.47087313332436437,High Income Group,Stable
LP001518,Male,Yes,1,Graduate,No,1538,1425.0,30.0,360.0,1.0,Urban,Y,2963.0,1.0124873439082012,Low Income Group,Stable
LP001519,Female,No,0,Graduate,No,10000,1666.0,225.0,360.0,1.0,Rural,N,11666.0,1.9286816389507973,High Income Group,Unstable
LP001520,Male,Yes,0,Graduate,No,4860,830.0,125.0,360.0,1.0,Semiurban,Y,5690.0,2.196836555360281,Mid Income Group,Stable
LP001528,Male,No,0,Graduate,No,6277,0.0,118.0,360.0,0.0,Rural,N,6277.0,1.8798789230524133,Mid Income Group,Unstable
LP001529,Male,Yes,0,Graduate,Yes,2577,3750.0,152.0,360.0,1.0,Rural,Y,6327.0,2.4024024024024024,Mid Income Group,Unstable
LP001531,Male,No,0,Graduate,No,9166,0.0,244.0,360.0,1.0,Urban,N,9166.0,2.662011782675104,Mid Income Group,Unstable
LP001532,Male,Yes,2,Not Graduate,No,2281,0.0,113.0,360.0,1.0,Rural,N,2281.0,4.953967558088557,Low Income Group,Unstable
LP001535,Male,No,0,Graduate,No,3254,0.0,50.0,360.0,1.0,Urban,Y,3254.0,1.5365703749231714,Low Income Group,Unstable
LP001536,Male,Yes,3+,Graduate,No,39999,0.0,600.0,180.0,0.0,Semiurban,Y,39999.0,1.5000375009375235,High Income Group,Stable
LP001541,Male,Yes,1,Graduate,No,6000,0.0,160.0,360.0,1.0,Rural,Y,6000.0,2.666666666666667,Mid Income Group,Stable
LP001543,Male,Yes,1,Graduate,No,9538,0.0,187.0,360.0,1.0,Urban,Y,9538.0,1.9605787376808557,Mid Income Group,Stable
LP001546,Male,No,0,Graduate,No,2980,2083.0,120.0,360.0,1.0,Rural,Y,5063.0,2.3701362828362633,Mid Income Group,Unstable
LP001552,Male,Yes,0,Graduate,No,4583,5625.0,255.0,360.0,1.0,Semiurban,Y,10208.0,2.498040752351097,High Income Group,Stable
LP001560,Male,Yes,0,Not Graduate,No,1863,1041.0,98.0,360.0,1.0,Semiurban,Y,2904.0,3.3746556473829203,Low Income Group,Unstable
LP001562,Male,Yes,0,Graduate,No,7933,0.0,275.0,360.0,1.0,Urban,N,7933.0,3.466532207235598,Mid Income Group,Stable
LP001565,Male,Yes,1,Graduate,No,3089,1280.0,121.0,360.0,0.0,Semiurban,N,4369.0,2.7695124742504005,Low Income Group,Stable
LP001570,Male,Yes,2,Graduate,No,4167,1447.0,158.0,360.0,1.0,Rural,Y,5614.0,2.814392589953687,Mid Income Group,Stable
LP001572,Male,Yes,0,Graduate,No,9323,0.0,75.0,180.0,1.0,Urban,Y,9323.0,0.8044620830204869,Mid Income Group,Stable
LP001574,Male,Yes,0,Graduate,No,3707,3166.0,182.0,360.0,1.0,Rural,Y,6873.0,2.6480430670740582,Mid Income Group,Stable
LP001577,Female,Yes,0,Graduate,No,4583,0.0,112.0,360.0,1.0,Rural,N,4583.0,2.4438140955705867,Low Income Group,Stable
LP001578,Male,Yes,0,Graduate,No,2439,3333.0,129.0,360.0,1.0,Rural,Y,5772.0,2.234927234927235,Mid Income Group,Stable
LP001579,Male,No,0,Graduate,No,2237,0.0,63.0,480.0,0.0,Semiurban,N,2237.0,2.8162717925793475,Low Income Group,Unstable
LP001580,Male,Yes,2,Graduate,No,8000,0.0,200.0,360.0,1.0,Semiurban,Y,8000.0,2.5,Mid Income Group,Stable
LP001581,Male,Yes,0,Not Graduate,No,1820,1769.0,95.0,360.0,1.0,Rural,Y,3589.0,2.6469768737809973,Low Income Group,Unstable
LP001585,Male,Yes,3+,Graduate,No,51763,0.0,700.0,300.0,1.0,Urban,Y,51763.0,1.3523172922744044,High Income Group,Stable
LP001586,Male,Yes,3+,Not Graduate,No,3522,0.0,81.0,180.0,1.0,Rural,N,3522.0,2.2998296422487225,Low Income Group,Unstable
LP001594,Male,Yes,0,Graduate,No,5708,5625.0,187.0,360.0,1.0,Semiurban,Y,11333.0,1.6500485308391422,High Income Group,Stable
LP001603,Male,Yes,0,Not Graduate,Yes,4344,736.0,87.0,360.0,1.0,Semiurban,N,5080.0,1.7125984251968505,Mid Income Group,Unstable
LP001606,Male,Yes,0,Graduate,No,3497,1964.0,116.0,360.0,1.0,Rural,Y,5461.0,2.1241530855154735,Mid Income Group,Stable
LP001608,Male,Yes,2,Graduate,No,2045,1619.0,101.0,360.0,1.0,Rural,Y,3664.0,2.756550218340611,Low Income Group,Stable
LP001610,Male,Yes,3+,Graduate,No,5516,11300.0,495.0,360.0,0.0,Semiurban,N,16816.0,2.943625118934348,High Income Group,Stable
LP001616,Male,Yes,1,Graduate,No,3750,0.0,116.0,360.0,1.0,Semiurban,Y,3750.0,3.0933333333333333,Low Income Group,Stable
LP001630,Male,No,0,Not Graduate,No,2333,1451.0,102.0,480.0,0.0,Urban,N,3784.0,2.6955602536997887,Low Income Group,Unstable
LP001633,Male,Yes,1,Graduate,No,6400,7250.0,180.0,360.0,0.0,Urban,N,13650.0,1.3186813186813187,High Income Group,Stable
LP001634,Male,No,0,Graduate,No,1916,5063.0,67.0,360.0,1.0,Rural,N,6979.0,0.960022925920619,Mid Income Group,Unstable
LP001636,Male,Yes,0,Graduate,No,4600,0.0,73.0,180.0,1.0,Semiurban,Y,4600.0,1.5869565217391306,Low Income Group,Stable
LP001637,Male,Yes,1,Graduate,No,33846,0.0,260.0,360.0,1.0,Semiurban,N,33846.0,0.768185309933227,High Income Group,Stable
LP001639,Female,Yes,0,Graduate,No,3625,0.0,108.0,360.0,1.0,Semiurban,Y,3625.0,2.9793103448275864,Low Income Group,Stable
LP001640,Male,Yes,0,Graduate,Yes,39147,4750.0,120.0,360.0,1.0,Semiurban,Y,43897.0,0.2733672004920609,High Income Group,Unstable
LP001641,Male,Yes,1,Graduate,Yes,2178,0.0,66.0,300.0,0.0,Rural,N,2178.0,3.0303030303030303,Low Income Group,Unstable
LP001643,Male,Yes,0,Graduate,No,2383,2138.0,58.0,360.0,1.0,Rural,Y,4521.0,1.28290201282902,Low Income Group,Stable
LP001644,Male,Yes,0,Graduate,Yes,674,5296.0,168.0,360.0,1.0,Rural,Y,5970.0,2.814070351758794,Mid Income Group,Unstable
LP001647,Male,Yes,0,Graduate,No,9328,0.0,188.0,180.0,1.0,Rural,Y,9328.0,2.0154373927958833,Mid Income Group,Stable
LP001653,Male,No,0,Not Graduate,No,4885,0.0,48.0,360.0,1.0,Rural,Y,4885.0,0.9825997952917094,Low Income Group,Unstable
LP001656,Male,No,0,Graduate,No,12000,0.0,164.0,360.0,1.0,Semiurban,N,12000.0,1.3666666666666667,High Income Group,Unstable
LP001657,Male,Yes,0,Not Graduate,No,6033,0.0,160.0,360.0,1.0,Urban,N,6033.0,2.652080225426819,Mid Income Group,Unstable
LP001658,Male,No,0,Graduate,No,3858,0.0,76.0,360.0,1.0,Semiurban,Y,3858.0,1.9699326075686883,Low Income Group,Unstable
LP001664,Male,No,0,Graduate,No,4191,0.0,120.0,360.0,1.0,Rural,Y,4191.0,2.863278453829635,Low Income Group,Unstable
LP001665,Male,Yes,1,Graduate,No,3125,2583.0,170.0,360.0,1.0,Semiurban,N,5708.0,2.9782761037140855,Mid Income Group,Stable
LP001666,Male,No,0,Graduate,No,8333,3750.0,187.0,360.0,1.0,Rural,Y,12083.0,1.5476289001075891,High Income Group,Unstable
LP001669,Female,No,0,Not Graduate,No,1907,2365.0,120.0,360.0,1.0,Urban,Y,4272.0,2.8089887640449436,Low Income Group,Unstable
LP001671,Female,Yes,0,Graduate,No,3416,2816.0,113.0,360.0,1.0,Semiurban,Y,6232.0,1.8132220795892169,Mid Income Group,Stable
LP001673,Male,No,0,Graduate,Yes,11000,0.0,83.0,360.0,1.0,Urban,N,11000.0,0.7545454545454545,High Income Group,Unstable
LP001674,Male,Yes,1,Not Graduate,No,2600,2500.0,90.0,360.0,1.0,Semiurban,Y,5100.0,1.7647058823529411,Mid Income Group,Unstable
LP001677,Male,No,2,Graduate,No,4923,0.0,166.0,360.0,0.0,Semiurban,Y,4923.0,3.3719276863700993,Low Income Group,Unstable
LP001682,Male,Yes,3+,Not Graduate,No,3992,0.0,128.0,180.0,1.0,Urban,N,3992.0,3.2064128256513023,Low Income Group,Unstable
LP001688,Male,Yes,1,Not Graduate,No,3500,1083.0,135.0,360.0,1.0,Urban,Y,4583.0,2.9456687759109754,Low Income Group,Unstable
LP001691,Male,Yes,2,Not Graduate,No,3917,0.0,124.0,360.0,1.0,Semiurban,Y,3917.0,3.165688026550932,Low Income Group,Unstable
LP001692,Female,No,0,Not Graduate,No,4408,0.0,120.0,360.0,1.0,Semiurban,Y,4408.0,2.722323049001815,Low Income Group,Unstable
LP001693,Female,No,0,Graduate,No,3244,0.0,80.0,360.0,1.0,Urban,Y,3244.0,2.466091245376079,Low Income Group,Unstable
LP001698,Male,No,0,Not Graduate,No,3975,2531.0,55.0,360.0,1.0,Rural,Y,6506.0,0.8453735013833384,Mid Income Group,Unstable
LP001699,Male,No,0,Graduate,No,2479,0.0,59.0,360.0,1.0,Urban,Y,2479.0,2.3799919322307383,Low Income Group,Unstable
LP001702,Male,No,0,Graduate,No,3418,0.0,127.0,360.0,1.0,Semiurban,N,3418.0,3.71562317144529,Low Income Group,Unstable
LP001708,Female,No,0,Graduate,No,10000,0.0,214.0,360.0,1.0,Semiurban,N,10000.0,2.1399999999999997,High Income Group,Unstable
LP001711,Male,Yes,3+,Graduate,No,3430,1250.0,128.0,360.0,0.0,Semiurban,N,4680.0,2.735042735042735,Low Income Group,Stable
LP001713,Male,Yes,1,Graduate,Yes,7787,0.0,240.0,360.0,1.0,Urban,Y,7787.0,3.0820598433286244,Mid Income Group,Unstable
LP001715,Male,Yes,3+,Not Graduate,Yes,5703,0.0,130.0,360.0,1.0,Rural,Y,5703.0,2.279502016482553,Mid Income Group,Unstable
LP001716,Male,Yes,0,Graduate,No,3173,3021.0,137.0,360.0,1.0,Urban,Y,6194.0,2.2118178882789796,Mid Income Group,Stable
LP001720,Male,Yes,3+,Not Graduate,No,3850,983.0,100.0,360.0,1.0,Semiurban,Y,4833.0,2.069108214359611,Low Income Group,Unstable
LP001722,Male,Yes,0,Graduate,No,150,1800.0,135.0,360.0,1.0,Rural,N,1950.0,6.923076923076923,Low Income Group,Stable
LP001726,Male,Yes,0,Graduate,No,3727,1775.0,131.0,360.0,1.0,Semiurban,Y,5502.0,2.380952380952381,Mid Income Group,Stable
LP001732,Male,Yes,2,Graduate,No,5000,0.0,72.0,360.0,0.0,Semiurban,N,5000.0,1.44,Mid Income Group,Stable
LP001734,Female,Yes,2,Graduate,No,4283,2383.0,127.0,360.0,1.0,Semiurban,Y,6666.0,1.9051905190519052,Mid Income Group,Stable
LP001736,Male,Yes,0,Graduate,No,2221,0.0,60.0,360.0,0.0,Urban,N,2221.0,2.70148581719946,Low Income Group,Stable
LP001743,Male,Yes,2,Graduate,No,4009,1717.0,116.0,360.0,1.0,Semiurban,Y,5726.0,2.0258470136220748,Mid Income Group,Stable
LP001744,Male,No,0,Graduate,No,2971,2791.0,144.0,360.0,1.0,Semiurban,Y,5762.0,2.4991322457480045,Mid Income Group,Unstable
LP001749,Male,Yes,0,Graduate,No,7578,1010.0,175.0,360.0,1.0,Semiurban,Y,8588.0,2.03772706101537,Mid Income Group,Stable
LP001750,Male,Yes,0,Graduate,No,6250,0.0,128.0,360.0,1.0,Semiurban,Y,6250.0,2.048,Mid Income Group,Stable
LP001751,Male,Yes,0,Graduate,No,3250,0.0,170.0,360.0,1.0,Rural,N,3250.0,5.230769230769231,Low Income Group,Stable
LP001754,Male,Yes,0,Not Graduate,Yes,4735,0.0,138.0,360.0,1.0,Urban,N,4735.0,2.914466737064414,Low Income Group,Unstable
LP001758,Male,Yes,2,Graduate,No,6250,1695.0,210.0,360.0,1.0,Semiurban,Y,7945.0,2.643171806167401,Mid Income Group,Stable
LP001760,Male,Yes,0,Graduate,No,4758,0.0,158.0,480.0,1.0,Semiurban,Y,4758.0,3.32072299285414,Low Income Group,Stable
LP001761,Male,No,0,Graduate,Yes,6400,0.0,200.0,360.0,1.0,Rural,Y,6400.0,3.125,Mid Income Group,Unstable
LP001765,Male,Yes,1,Graduate,No,2491,2054.0,104.0,360.0,1.0,Semiurban,Y,4545.0,2.2882288228822882,Low Income Group,Stable
LP001768,Male,Yes,0,Graduate,No,3716,0.0,42.0,180.0,1.0,Rural,Y,3716.0,1.1302475780409043,Low Income Group,Stable
LP001770,Male,No,0,Not Graduate,No,3189,2598.0,120.0,360.0,1.0,Rural,Y,5787.0,2.0736132711249353,Mid Income Group,Unstable
LP001776,Female,No,0,Graduate,No,8333,0.0,280.0,360.0,1.0,Semiurban,Y,8333.0,3.360134405376215,Mid Income Group,Unstable
LP001778,Male,Yes,1,Graduate,No,3155,1779.0,140.0,360.0,1.0,Semiurban,Y,4934.0,2.8374543980543168,Low Income Group,Stable
LP001784,Male,Yes,1,Graduate,No,5500,1260.0,170.0,360.0,1.0,Rural,Y,6760.0,2.514792899408284,Mid Income Group,Stable
LP001786,Male,Yes,0,Graduate,No,5746,0.0,255.0,360.0,1.0,Urban,N,5746.0,4.437869822485207,Mid Income Group,Stable
LP001788,Female,No,0,Graduate,Yes,3463,0.0,122.0,360.0,1.0,Urban,Y,3463.0,3.522956973722206,Low Income Group,Unstable
LP001790,Female,No,1,Graduate,No,3812,0.0,112.0,360.0,1.0,Rural,Y,3812.0,2.9380902413431267,Low Income Group,Unstable
LP001792,Male,Yes,1,Graduate,No,3315,0.0,96.0,360.0,1.0,Semiurban,Y,3315.0,2.8959276018099547,Low Income Group,Stable
LP001798,Male,Yes,2,Graduate,No,5819,5000.0,120.0,360.0,1.0,Rural,Y,10819.0,1.109159811442832,High Income Group,Stable
LP001800,Male,Yes,1,Not Graduate,No,2510,1983.0,140.0,180.0,1.0,Urban,N,4493.0,3.1159581571333184,Low Income Group,Unstable
LP001806,Male,No,0,Graduate,No,2965,5701.0,155.0,60.0,1.0,Urban,Y,8666.0,1.7885991230094624,Mid Income Group,Unstable
LP001807,Male,Yes,2,Graduate,Yes,6250,1300.0,108.0,360.0,1.0,Rural,Y,7550.0,1.4304635761589404,Mid Income Group,Unstable
LP001811,Male,Yes,0,Not Graduate,No,3406,4417.0,123.0,360.0,1.0,Semiurban,Y,7823.0,1.572286846478333,Mid Income Group,Unstable
LP001813,Male,No,0,Graduate,Yes,6050,4333.0,120.0,180.0,1.0,Urban,N,10383.0,1.1557353366079168,High Income Group,Unstable
LP001814,Male,Yes,2,Graduate,No,9703,0.0,112.0,360.0,1.0,Urban,Y,9703.0,1.1542821807688344,Mid Income Group,Stable
LP001819,Male,Yes,1,Not Graduate,No,6608,0.0,137.0,180.0,1.0,Urban,Y,6608.0,2.0732445520581115,Mid Income Group,Unstable
LP001824,Male,Yes,1,Graduate,No,2882,1843.0,123.0,480.0,1.0,Semiurban,Y,4725.0,2.6031746031746033,Low Income Group,Stable
LP001825,Male,Yes,0,Graduate,No,1809,1868.0,90.0,360.0,1.0,Urban,Y,3677.0,2.447647538754419,Low Income Group,Stable
LP001835,Male,Yes,0,Not Graduate,No,1668,3890.0,201.0,360.0,0.0,Semiurban,N,5558.0,3.61640878013674,Mid Income Group,Unstable
LP001836,Female,No,2,Graduate,No,3427,0.0,138.0,360.0,1.0,Urban,N,3427.0,4.026845637583892,Low Income Group,Unstable
LP001841,Male,No,0,Not Graduate,Yes,2583,2167.0,104.0,360.0,1.0,Rural,Y,4750.0,2.189473684210526,Low Income Group,Unstable
LP001843,Male,Yes,1,Not Graduate,No,2661,7101.0,279.0,180.0,1.0,Semiurban,Y,9762.0,2.858020897357099,Mid Income Group,Unstable
LP001844,Male,No,0,Graduate,Yes,16250,0.0,192.0,360.0,0.0,Urban,N,16250.0,1.1815384615384614,High Income Group,Unstable
LP001846,Female,No,3+,Graduate,No,3083,0.0,255.0,360.0,1.0,Rural,Y,3083.0,8.271164450210835,Low Income Group,Unstable
LP001849,Male,No,0,Not Graduate,No,6045,0.0,115.0,360.0,0.0,Rural,N,6045.0,1.902398676592225,Mid Income Group,Unstable
LP001854,Male,Yes,3+,Graduate,No,5250,0.0,94.0,360.0,1.0,Urban,N,5250.0,1.7904761904761906,Mid Income Group,Stable
LP001859,Male,Yes,0,Graduate,No,14683,2100.0,304.0,360.0,1.0,Rural,N,16783.0,1.8113567300244295,High Income Group,Stable
LP001864,Male,Yes,3+,Not Graduate,No,4931,0.0,128.0,360.0,1.0,Semiurban,N,4931.0,2.595822348408031,Low Income Group,Unstable
LP001865,Male,Yes,1,Graduate,No,6083,4250.0,330.0,360.0,1.0,Urban,Y,10333.0,3.193651408109939,High Income Group,Stable
LP001868,Male,No,0,Graduate,No,2060,2209.0,134.0,360.0,1.0,Semiurban,Y,4269.0,3.138908409463575,Low Income Group,Unstable
LP001870,Female,No,1,Graduate,No,3481,0.0,155.0,36.0,1.0,Semiurban,N,3481.0,4.4527434645216895,Low Income Group,Unstable
LP001871,Female,No,0,Graduate,No,7200,0.0,120.0,360.0,1.0,Rural,Y,7200.0,1.6666666666666667,Mid Income Group,Unstable
LP001872,Male,No,0,Graduate,Yes,5166,0.0,128.0,360.0,1.0,Semiurban,Y,5166.0,2.4777390631049165,Mid Income Group,Unstable
LP001875,Male,No,0,Graduate,No,4095,3447.0,151.0,360.0,1.0,Rural,Y,7542.0,2.0021214531954388,Mid Income Group,Unstable
LP001877,Male,Yes,2,Graduate,No,4708,1387.0,150.0,360.0,1.0,Semiurban,Y,6095.0,2.461033634126333,Mid Income Group,Stable
LP001882,Male,Yes,3+,Graduate,No,4333,1811.0,160.0,360.0,0.0,Urban,Y,6144.0,2.604166666666667,Mid Income Group,Stable
LP001883,Female,No,0,Graduate,No,3418,0.0,135.0,360.0,1.0,Rural,N,3418.0,3.949678174370977,Low Income Group,Unstable
LP001884,Female,No,1,Graduate,No,2876,1560.0,90.0,360.0,1.0,Urban,Y,4436.0,2.028854824165915,Low Income Group,Unstable
LP001888,Female,No,0,Graduate,No,3237,0.0,30.0,360.0,1.0,Urban,Y,3237.0,0.9267840593141797,Low Income Group,Unstable
LP001891,Male,Yes,0,Graduate,No,11146,0.0,136.0,360.0,1.0,Urban,Y,11146.0,1.2201686703750225,High Income Group,Stable
LP001892,Male,No,0,Graduate,No,2833,1857.0,126.0,360.0,1.0,Rural,Y,4690.0,2.6865671641791042,Low Income Group,Unstable
LP001894,Male,Yes,0,Graduate,No,2620,2223.0,150.0,360.0,1.0,Semiurban,Y,4843.0,3.097253768325418,Low Income Group,Stable
LP001896,Male,Yes,2,Graduate,No,3900,0.0,90.0,360.0,1.0,Semiurban,Y,3900.0,2.307692307692308,Low Income Group,Stable
LP001900,Male,Yes,1,Graduate,No,2750,1842.0,115.0,360.0,1.0,Semiurban,Y,4592.0,2.504355400696864,Low Income Group,Stable
LP001903,Male,Yes,0,Graduate,No,3993,3274.0,207.0,360.0,1.0,Semiurban,Y,7267.0,2.848493188385854,Mid Income Group,Stable
LP001904,Male,Yes,0,Graduate,No,3103,1300.0,80.0,360.0,1.0,Urban,Y,4403.0,1.816942993413582,Low Income Group,Stable
LP001907,Male,Yes,0,Graduate,No,14583,0.0,436.0,360.0,1.0,Semiurban,Y,14583.0,2.9897826236028253,High Income Group,Stable
LP001908,Female,Yes,0,Not Graduate,No,4100,0.0,124.0,360.0,1.0,Rural,Y,4100.0,3.024390243902439,Low Income Group,Unstable
LP001910,Male,No,1,Not Graduate,Yes,4053,2426.0,158.0,360.0,0.0,Urban,N,6479.0,2.438647939496836,Mid Income Group,Unstable
LP001914,Male,Yes,0,Graduate,No,3927,800.0,112.0,360.0,1.0,Semiurban,Y,4727.0,2.36936746350751,Low Income Group,Stable
LP001915,Male,Yes,2,Graduate,No,2301,985.7999878,78.0,180.0,1.0,Urban,Y,3286.7999878,2.3731288879615957,Low Income Group,Stable
LP001917,Female,No,0,Graduate,No,1811,1666.0,54.0,360.0,1.0,Urban,Y,3477.0,1.553062985332183,Low Income Group,Unstable
LP001922,Male,Yes,0,Graduate,No,20667,0.0,128.0,360.0,1.0,Rural,N,20667.0,0.6193448492766246,High Income Group,Stable
LP001924,Male,No,0,Graduate,No,3158,3053.0,89.0,360.0,1.0,Rural,Y,6211.0,1.432941555305104,Mid Income Group,Unstable
LP001925,Female,No,0,Graduate,Yes,2600,1717.0,99.0,300.0,1.0,Semiurban,N,4317.0,2.2932592077831826,Low Income Group,Unstable
LP001926,Male,Yes,0,Graduate,No,3704,2000.0,120.0,360.0,1.0,Rural,Y,5704.0,2.1037868162692845,Mid Income Group,Stable
LP001931,Female,No,0,Graduate,No,4124,0.0,115.0,360.0,1.0,Semiurban,Y,4124.0,2.7885548011639187,Low Income Group,Unstable
LP001935,Male,No,0,Graduate,No,9508,0.0,187.0,360.0,1.0,Rural,Y,9508.0,1.9667648296171645,Mid Income Group,Unstable
LP001936,Male,Yes,0,Graduate,No,3075,2416.0,139.0,360.0,1.0,Rural,Y,5491.0,2.531415042797305,Mid Income Group,Stable
LP001938,Male,Yes,2,Graduate,No,4400,0.0,127.0,360.0,0.0,Semiurban,N,4400.0,2.8863636363636362,Low Income Group,Stable
LP001940,Male,Yes,2,Graduate,No,3153,1560.0,134.0,360.0,1.0,Urban,Y,4713.0,2.8431996605134735,Low Income Group,Stable
LP001945,Female,No,0,Graduate,No,5417,0.0,143.0,480.0,0.0,Urban,N,5417.0,2.6398375484585563,Mid Income Group,Unstable
LP001947,Male,Yes,0,Graduate,No,2383,3334.0,172.0,360.0,1.0,Semiurban,Y,5717.0,3.008570928808816,Mid Income Group,Stable
LP001949,Male,Yes,3+,Graduate,No,4416,1250.0,110.0,360.0,1.0,Urban,Y,5666.0,1.941404871161313,Mid Income Group,Stable
LP001953,Male,Yes,1,Graduate,No,6875,0.0,200.0,360.0,1.0,Semiurban,Y,6875.0,2.909090909090909,Mid Income Group,Stable
LP001954,Female,Yes,1,Graduate,No,4666,0.0,135.0,360.0,1.0,Urban,Y,4666.0,2.8932704672096015,Low Income Group,Stable
LP001955,Female,No,0,Graduate,No,5000,2541.0,151.0,480.0,1.0,Rural,N,7541.0,2.0023869513327144,Mid Income Group,Unstable
LP001963,Male,Yes,1,Graduate,No,2014,2925.0,113.0,360.0,1.0,Urban,N,4939.0,2.2879125329013967,Low Income Group,Stable
LP001964,Male,Yes,0,Not Graduate,No,1800,2934.0,93.0,360.0,0.0,Urban,N,4734.0,1.964512040557668,Low Income Group,Unstable
LP001972,Male,Yes,0,Not Graduate,No,2875,1750.0,105.0,360.0,1.0,Semiurban,Y,4625.0,2.27027027027027,Low Income Group,Unstable
LP001974,Female,No,0,Graduate,No,5000,0.0,132.0,360.0,1.0,Rural,Y,5000.0,2.64,Mid Income Group,Unstable
LP001977,Male,Yes,1,Graduate,No,1625,1803.0,96.0,360.0,1.0,Urban,Y,3428.0,2.8004667444574096,Low Income Group,Stable
LP001978,Male,No,0,Graduate,No,4000,2500.0,140.0,360.0,1.0,Rural,Y,6500.0,2.1538461538461537,Mid Income Group,Unstable
LP001990,Male,No,0,Not Graduate,No,2000,0.0,128.0,360.0,1.0,Urban,N,2000.0,6.4,Low Income Group,Unstable
LP001993,Female,No,0,Graduate,No,3762,1666.0,135.0,360.0,1.0,Rural,Y,5428.0,2.4871039056742816,Mid Income Group,Unstable
LP001994,Female,No,0,Graduate,No,2400,1863.0,104.0,360.0,0.0,Urban,N,4263.0,2.439596528266479,Low Income Group,Unstable
LP001996,Male,No,0,Graduate,No,20233,0.0,480.0,360.0,1.0,Rural,N,20233.0,2.372361982899224,High Income Group,Unstable
LP001998,Male,Yes,2,Not Graduate,No,7667,0.0,185.0,360.0,1.0,Rural,Y,7667.0,2.4129385678883524,Mid Income Group,Unstable
LP002002,Female,No,0,Graduate,No,2917,0.0,84.0,360.0,1.0,Semiurban,Y,2917.0,2.8796708947548852,Low Income Group,Unstable
LP002004,Male,No,0,Not Graduate,No,2927,2405.0,111.0,360.0,1.0,Semiurban,Y,5332.0,2.0817704426106527,Mid Income Group,Unstable
LP002006,Female,No,0,Graduate,No,2507,0.0,56.0,360.0,1.0,Rural,Y,2507.0,2.2337455125648185,Low Income Group,Unstable
LP002008,Male,Yes,2,Graduate,Yes,5746,0.0,144.0,84.0,1.0,Rural,Y,5746.0,2.506091193873999,Mid Income Group,Unstable
LP002024,Male,Yes,0,Graduate,No,2473,1843.0,159.0,360.0,1.0,Rural,N,4316.0,3.6839666357738645,Low Income Group,Stable
LP002031,Male,Yes,1,Not Graduate,No,3399,1640.0,111.0,180.0,1.0,Urban,Y,5039.0,2.202818019448303,Mid Income Group,Unstable
LP002035,Male,Yes,2,Graduate,No,3717,0.0,120.0,360.0,1.0,Semiurban,Y,3717.0,3.2284100080710245,Low Income Group,Stable
LP002036,Male,Yes,0,Graduate,No,2058,2134.0,88.0,360.0,1.0,Urban,Y,4192.0,2.099236641221374,Low Income Group,Stable
LP002043,Female,No,1,Graduate,No,3541,0.0,112.0,360.0,1.0,Semiurban,Y,3541.0,3.1629483196837054,Low Income Group,Unstable
LP002050,Male,Yes,1,Graduate,Yes,10000,0.0,155.0,360.0,1.0,Rural,N,10000.0,1.55,High Income Group,Unstable
LP002051,Male,Yes,0,Graduate,No,2400,2167.0,115.0,360.0,1.0,Semiurban,Y,4567.0,2.5180643748631484,Low Income Group,Stable
LP002053,Male,Yes,3+,Graduate,No,4342,189.0,124.0,360.0,1.0,Semiurban,Y,4531.0,2.7367027146325316,Low Income Group,Stable
LP002054,Male,Yes,2,Not Graduate,No,3601,1590.0,128.0,360.0,1.0,Rural,Y,5191.0,2.4658062030437295,Mid Income Group,Unstable
LP002055,Female,No,0,Graduate,No,3166,2985.0,132.0,360.0,1.0,Rural,Y,6151.0,2.1459925215412126,Mid Income Group,Unstable
LP002065,Male,Yes,3+,Graduate,No,15000,0.0,300.0,360.0,1.0,Rural,Y,15000.0,2.0,High Income Group,Stable
LP002067,Male,Yes,1,Graduate,Yes,8666,4983.0,376.0,360.0,0.0,Rural,N,13649.0,2.7547805700051287,High Income Group,Unstable
LP002068,Male,No,0,Graduate,No,4917,0.0,130.0,360.0,0.0,Rural,Y,4917.0,2.643888549928818,Low Income Group,Unstable
LP002082,Male,Yes,0,Graduate,Yes,5818,2160.0,184.0,360.0,1.0,Semiurban,Y,7978.0,2.306342441714716,Mid Income Group,Unstable
LP002086,Female,Yes,0,Graduate,No,4333,2451.0,110.0,360.0,1.0,Urban,N,6784.0,1.6214622641509433,Mid Income Group,Stable
LP002087,Female,No,0,Graduate,No,2500,0.0,67.0,360.0,1.0,Urban,Y,2500.0,2.68,Low Income Group,Unstable
LP002097,Male,No,1,Graduate,No,4384,1793.0,117.0,360.0,1.0,Urban,Y,6177.0,1.8941233608547838,Mid Income Group,Unstable
LP002098,Male,No,0,Graduate,No,2935,0.0,98.0,360.0,1.0,Semiurban,Y,2935.0,3.339011925042589,Low Income Group,Unstable
LP002100,Male,No,0,Graduate,No,2833,0.0,71.0,360.0,1.0,Urban,Y,2833.0,2.5061771973173315,Low Income Group,Unstable
LP002101,Male,Yes,0,Graduate,No,63337,0.0,490.0,180.0,1.0,Urban,Y,63337.0,0.7736394208756335,High Income Group,Stable
LP002103,Male,Yes,1,Graduate,Yes,9833,1833.0,182.0,180.0,1.0,Urban,Y,11666.0,1.5600891479513115,High Income Group,Unstable
LP002106,Male,Yes,0,Graduate,Yes,5503,4490.0,70.0,360.0,1.0,Semiurban,Y,9993.0,0.7004903432402682,Mid Income Group,Unstable
LP002110,Male,Yes,1,Graduate,No,5250,688.0,160.0,360.0,1.0,Rural,Y,5938.0,2.694509936005389,Mid Income Group,Stable
LP002112,Male,Yes,2,Graduate,Yes,2500,4600.0,176.0,360.0,1.0,Rural,Y,7100.0,2.4788732394366195,Mid Income Group,Unstable
LP002113,Female,No,3+,Not Graduate,No,1830,0.0,128.0,360.0,0.0,Urban,N,1830.0,6.994535519125683,Low Income Group,Unstable
LP002114,Female,No,0,Graduate,No,4160,0.0,71.0,360.0,1.0,Semiurban,Y,4160.0,1.7067307692307692,Low Income Group,Unstable
LP002115,Male,Yes,3+,Not Graduate,No,2647,1587.0,173.0,360.0,1.0,Rural,N,4234.0,4.0859707132735,Low Income Group,Unstable
LP002116,Female,No,0,Graduate,No,2378,0.0,46.0,360.0,1.0,Rural,N,2378.0,1.9343986543313711,Low Income Group,Unstable
LP002119,Male,Yes,1,Not Graduate,No,4554,1229.0,158.0,360.0,1.0,Urban,Y,5783.0,2.73214594501124,Mid Income Group,Unstable
LP002126,Male,Yes,3+,Not Graduate,No,3173,0.0,74.0,360.0,1.0,Semiurban,Y,3173.0,2.3321777497636305,Low Income Group,Unstable
LP002128,Male,Yes,2,Graduate,No,2583,2330.0,125.0,360.0,1.0,Rural,Y,4913.0,2.54427030327702,Low Income Group,Stable
LP002129,Male,Yes,0,Graduate,No,2499,2458.0,160.0,360.0,1.0,Semiurban,Y,4957.0,3.2277587250353035,Low Income Group,Stable
LP002130,Male,Yes,0,Not Graduate,No,3523,3230.0,152.0,360.0,0.0,Rural,N,6753.0,2.250851473419221,Mid Income Group,Unstable
LP002131,Male,Yes,2,Not Graduate,No,3083,2168.0,126.0,360.0,1.0,Urban,Y,5251.0,2.3995429442011043,Mid Income Group,Unstable
LP002137,Male,Yes,0,Graduate,No,6333,4583.0,259.0,360.0,1.0,Semiurban,Y,10916.0,2.372663979479663,High Income Group,Stable
LP002138,Male,Yes,0,Graduate,No,2625,6250.0,187.0,360.0,1.0,Rural,Y,8875.0,2.1070422535211266,Mid Income Group,Stable
LP002139,Male,Yes,0,Graduate,No,9083,0.0,228.0,360.0,1.0,Semiurban,Y,9083.0,2.5101838599581634,Mid Income Group,Stable
LP002140,Male,No,0,Graduate,No,8750,4167.0,308.0,360.0,1.0,Rural,N,12917.0,2.3844545947201365,High Income Group,Unstable
LP002141,Male,Yes,3+,Graduate,No,2666,2083.0,95.0,360.0,1.0,Rural,Y,4749.0,2.000421141292904,Low Income Group,Stable
LP002142,Female,Yes,0,Graduate,Yes,5500,0.0,105.0,360.0,0.0,Rural,N,5500.0,1.9090909090909092,Mid Income Group,Unstable
LP002143,Female,Yes,0,Graduate,No,2423,505.0,130.0,360.0,1.0,Semiurban,Y,2928.0,4.439890710382514,Low Income Group,Stable
LP002144,Female,No,0,Graduate,No,3813,0.0,116.0,180.0,1.0,Urban,Y,3813.0,3.042223970626803,Low Income Group,Unstable
LP002149,Male,Yes,2,Graduate,No,8333,3167.0,165.0,360.0,1.0,Rural,Y,11500.0,1.434782608695652,High Income Group,Stable
LP002151,Male,Yes,1,Graduate,No,3875,0.0,67.0,360.0,1.0,Urban,N,3875.0,1.729032258064516,Low Income Group,Stable
LP002158,Male,Yes,0,Not Graduate,No,3000,1666.0,100.0,480.0,0.0,Urban,N,4666.0,2.1431633090441493,Low Income Group,Unstable
LP002160,Male,Yes,3+,Graduate,No,5167,3167.0,200.0,360.0,1.0,Semiurban,Y,8334.0,2.3998080153587713,Mid Income Group,Stable
LP002161,Female,No,1,Graduate,No,4723,0.0,81.0,360.0,1.0,Semiurban,N,4723.0,1.7150116451408004,Low Income Group,Unstable
LP002170,Male,Yes,2,Graduate,No,5000,3667.0,236.0,360.0,1.0,Semiurban,Y,8667.0,2.7229721933771778,Mid Income Group,Stable
LP002175,Male,Yes,0,Graduate,No,4750,2333.0,130.0,360.0,1.0,Urban,Y,7083.0,1.835380488493576,Mid Income Group,Stable
LP002178,Male,Yes,0,Graduate,No,3013,3033.0,95.0,300.0,1.0,Urban,Y,6046.0,1.57128680119087,Mid Income Group,Stable
LP002180,Male,No,0,Graduate,Yes,6822,0.0,141.0,360.0,1.0,Rural,Y,6822.0,2.0668425681618294,Mid Income Group,Unstable
LP002181,Male,No,0,Not Graduate,No,6216,0.0,133.0,360.0,1.0,Rural,N,6216.0,2.1396396396396398,Mid Income Group,Unstable
LP002187,Male,No,0,Graduate,No,2500,0.0,96.0,480.0,1.0,Semiurban,N,2500.0,3.84,Low Income Group,Unstable
LP002188,Male,No,0,Graduate,No,5124,0.0,124.0,360.0,0.0,Rural,N,5124.0,2.419984387197502,Mid Income Group,Unstable
LP002190,Male,Yes,1,Graduate,No,6325,0.0,175.0,360.0,1.0,Semiurban,Y,6325.0,2.766798418972332,Mid Income Group,Stable
LP002191,Male,Yes,0,Graduate,No,19730,5266.0,570.0,360.0,1.0,Rural,N,24996.0,2.2803648583773404,High Income Group,Stable
LP002194,Female,No,0,Graduate,Yes,15759,0.0,55.0,360.0,1.0,Semiurban,Y,15759.0,0.34900691668253064,High Income Group,Unstable
LP002197,Male,Yes,2,Graduate,No,5185,0.0,155.0,360.0,1.0,Semiurban,Y,5185.0,2.9893924783027965,Mid Income Group,Stable
LP002201,Male,Yes,2,Graduate,Yes,9323,7873.0,380.0,300.0,1.0,Rural,Y,17196.0,2.209816236334031,High Income Group,Unstable
LP002205,Male,No,1,Graduate,No,3062,1987.0,111.0,180.0,0.0,Urban,N,5049.0,2.1984551396316103,Mid Income Group,Unstable
LP002209,Female,No,0,Graduate,No,2764,1459.0,110.0,360.0,1.0,Urban,Y,4223.0,2.604783329386692,Low Income Group,Unstable
LP002211,Male,Yes,0,Graduate,No,4817,923.0,120.0,180.0,1.0,Urban,Y,5740.0,2.0905923344947737,Mid Income Group,Stable
LP002219,Male,Yes,3+,Graduate,No,8750,4996.0,130.0,360.0,1.0,Rural,Y,13746.0,0.9457296668121635,High Income Group,Stable
LP002223,Male,Yes,0,Graduate,No,4310,0.0,130.0,360.0,1.0,Semiurban,Y,4310.0,3.0162412993039442,Low Income Group,Stable
LP002224,Male,No,0,Graduate,No,3069,0.0,71.0,480.0,1.0,Urban,N,3069.0,2.3134571521668295,Low Income Group,Unstable
LP002225,Male,Yes,2,Graduate,No,5391,0.0,130.0,360.0,1.0,Urban,Y,5391.0,2.4114264514932295,Mid Income Group,Stable
LP002226,Male,Yes,0,Graduate,No,3333,2500.0,128.0,360.0,1.0,Semiurban,Y,5833.0,2.1944111092062406,Mid Income Group,Stable
LP002229,Male,No,0,Graduate,No,5941,4232.0,296.0,360.0,1.0,Semiurban,Y,10173.0,2.909662832989285,High Income Group,Unstable
LP002231,Female,No,0,Graduate,No,6000,0.0,156.0,360.0,1.0,Urban,Y,6000.0,2.6,Mid Income Group,Unstable
LP002234,Male,No,0,Graduate,Yes,7167,0.0,128.0,360.0,1.0,Urban,Y,7167.0,1.7859634435607648,Mid Income Group,Unstable
LP002236,Male,Yes,2,Graduate,No,4566,0.0,100.0,360.0,1.0,Urban,N,4566.0,2.190100744634253,Low Income Group,Stable
LP002237,Male,No,1,Graduate,No,3667,0.0,113.0,180.0,1.0,Urban,Y,3667.0,3.081538041996182,Low Income Group,Unstable
LP002239,Male,No,0,Not Graduate,No,2346,1600.0,132.0,360.0,1.0,Semiurban,Y,3946.0,3.3451596553471874,Low Income Group,Unstable
LP002243,Male,Yes,0,Not Graduate,No,3010,3136.0,128.0,360.0,0.0,Urban,N,6146.0,2.082655385616661,Mid Income Group,Unstable
LP002244,Male,Yes,0,Graduate,No,2333,2417.0,136.0,360.0,1.0,Urban,Y,4750.0,2.863157894736842,Low Income Group,Stable
LP002250,Male,Yes,0,Graduate,No,5488,0.0,125.0,360.0,1.0,Rural,Y,5488.0,2.2776967930029155,Mid Income Group,Stable
LP002255,Male,No,3+,Graduate,No,9167,0.0,185.0,360.0,1.0,Rural,Y,9167.0,2.018108432420639,Mid Income Group,Unstable
LP002262,Male,Yes,3+,Graduate,No,9504,0.0,275.0,360.0,1.0,Rural,Y,9504.0,2.8935185185185186,Mid Income Group,Stable
LP002263,Male,Yes,0,Graduate,No,2583,2115.0,120.0,360.0,1.0,Urban,Y,4698.0,2.554278416347382,Low Income Group,Stable
LP002265,Male,Yes,2,Not Graduate,No,1993,1625.0,113.0,180.0,1.0,Semiurban,Y,3618.0,3.123272526257601,Low Income Group,Unstable
LP002266,Male,Yes,2,Graduate,No,3100,1400.0,113.0,360.0,1.0,Urban,Y,4500.0,2.511111111111111,Low Income Group,Stable
LP002272,Male,Yes,2,Graduate,No,3276,484.0,135.0,360.0,1.0,Semiurban,Y,3760.0,3.590425531914894,Low Income Group,Stable
LP002277,Female,No,0,Graduate,No,3180,0.0,71.0,360.0,0.0,Urban,N,3180.0,2.232704402515723,Low Income Group,Unstable
LP002281,Male,Yes,0,Graduate,No,3033,1459.0,95.0,360.0,1.0,Urban,Y,4492.0,2.1148708815672306,Low Income Group,Stable
LP002284,Male,No,0,Not Graduate,No,3902,1666.0,109.0,360.0,1.0,Rural,Y,5568.0,1.9576149425287355,Mid Income Group,Unstable
LP002287,Female,No,0,Graduate,No,1500,1800.0,103.0,360.0,0.0,Semiurban,N,3300.0,3.121212121212121,Low Income Group,Unstable
LP002288,Male,Yes,2,Not Graduate,No,2889,0.0,45.0,180.0,0.0,Urban,N,2889.0,1.557632398753894,Low Income Group,Unstable
LP002296,Male,No,0,Not Graduate,No,2755,0.0,65.0,300.0,1.0,Rural,N,2755.0,2.35934664246824,Low Income Group,Unstable
LP002297,Male,No,0,Graduate,No,2500,20000.0,103.0,360.0,1.0,Semiurban,Y,22500.0,0.4577777777777778,High Income Group,Unstable
LP002300,Female,No,0,Not Graduate,No,1963,0.0,53.0,360.0,1.0,Semiurban,Y,1963.0,2.6999490575649516,Low Income Group,Unstable
LP002301,Female,No,0,Graduate,Yes,7441,0.0,194.0,360.0,1.0,Rural,N,7441.0,2.6071764547775835,Mid Income Group,Unstable
LP002305,Female,No,0,Graduate,No,4547,0.0,115.0,360.0,1.0,Semiurban,Y,4547.0,2.5291400923685945,Low Income Group,Unstable
LP002308,Male,Yes,0,Not Graduate,No,2167,2400.0,115.0,360.0,1.0,Urban,Y,4567.0,2.5180643748631484,Low Income Group,Unstable
LP002314,Female,No,0,Not Graduate,No,2213,0.0,66.0,360.0,1.0,Rural,Y,2213.0,2.98237686398554,Low Income Group,Unstable
LP002315,Male,Yes,1,Graduate,No,8300,0.0,152.0,300.0,0.0,Semiurban,N,8300.0,1.8313253012048194,Mid Income Group,Stable
LP002317,Male,Yes,3+,Graduate,No,81000,0.0,360.0,360.0,0.0,Rural,N,81000.0,0.4444444444444444,High Income Group,Stable
LP002318,Female,No,1,Not Graduate,Yes,3867,0.0,62.0,360.0,1.0,Semiurban,N,3867.0,1.6033100594776313,Low Income Group,Unstable
LP002319,Male,Yes,0,Graduate,No,6256,0.0,160.0,360.0,1.0,Urban,Y,6256.0,2.557544757033248,Mid Income Group,Stable
LP002328,Male,Yes,0,Not Graduate,No,6096,0.0,218.0,360.0,0.0,Rural,N,6096.0,3.5761154855643045,Mid Income Group,Unstable
LP002332,Male,Yes,0,Not Graduate,No,2253,2033.0,110.0,360.0,1.0,Rural,Y,4286.0,2.5664955669622023,Low Income Group,Unstable
LP002335,Female,Yes,0,Not Graduate,No,2149,3237.0,178.0,360.0,0.0,Semiurban,N,5386.0,3.304864463423691,Mid Income Group,Unstable
LP002337,Female,No,0,Graduate,No,2995,0.0,60.0,360.0,1.0,Urban,Y,2995.0,2.003338898163606,Low Income Group,Unstable
LP002341,Female,No,1,Graduate,No,2600,0.0,160.0,360.0,1.0,Urban,N,2600.0,6.153846153846154,Low Income Group,Unstable
LP002342,Male,Yes,2,Graduate,Yes,1600,20000.0,239.0,360.0,1.0,Urban,N,21600.0,1.1064814814814816,High Income Group,Unstable
LP002345,Male,Yes,0,Graduate,No,1025,2773.0,112.0,360.0,1.0,Rural,Y,3798.0,2.948920484465508,Low Income Group,Stable
LP002347,Male,Yes,0,Graduate,No,3246,1417.0,138.0,360.0,1.0,Semiurban,Y,4663.0,2.959468153549217,Low Income Group,Stable
LP002348,Male,Yes,0,Graduate,No,5829,0.0,138.0,360.0,1.0,Rural,Y,5829.0,2.3674729799279466,Mid Income Group,Stable
LP002357,Female,No,0,Not Graduate,No,2720,0.0,80.0,360.0,0.0,Urban,N,2720.0,2.941176470588235,Low Income Group,Unstable
LP002361,Male,Yes,0,Graduate,No,1820,1719.0,100.0,360.0,1.0,Urban,Y,3539.0,2.8256569652444194,Low Income Group,Stable
LP002362,Male,Yes,1,Graduate,No,7250,1667.0,110.0,360.0,0.0,Urban,N,8917.0,1.233598743972188,Mid Income Group,Stable
LP002364,Male,Yes,0,Graduate,No,14880,0.0,96.0,360.0,1.0,Semiurban,Y,14880.0,0.6451612903225806,High Income Group,Stable
LP002366,Male,Yes,0,Graduate,No,2666,4300.0,121.0,360.0,1.0,Rural,Y,6966.0,1.7370083261556128,Mid Income Group,Stable
LP002367,Female,No,1,Not Graduate,No,4606,0.0,81.0,360.0,1.0,Rural,N,4606.0,1.7585757707338254,Low Income Group,Unstable
LP002368,Male,Yes,2,Graduate,No,5935,0.0,133.0,360.0,1.0,Semiurban,Y,5935.0,2.2409435551811288,Mid Income Group,Stable
LP002369,Male,Yes,0,Graduate,No,2920,16.12000084,87.0,360.0,1.0,Rural,Y,2936.12000084,2.963094150617482,Low Income Group,Stable
LP002370,Male,No,0,Not Graduate,No,2717,0.0,60.0,180.0,1.0,Urban,Y,2717.0,2.208317997791682,Low Income Group,Unstable
LP002377,Female,No,1,Graduate,Yes,8624,0.0,150.0,360.0,1.0,Semiurban,Y,8624.0,1.7393320964749537,Mid Income Group,Unstable
LP002379,Male,No,0,Graduate,No,6500,0.0,105.0,360.0,0.0,Rural,N,6500.0,1.6153846153846154,Mid Income Group,Unstable
LP002386,Male,No,0,Graduate,No,12876,0.0,405.0,360.0,1.0,Semiurban,Y,12876.0,3.145386766076421,High Income Group,Unstable
LP002387,Male,Yes,0,Graduate,No,2425,2340.0,143.0,360.0,1.0,Semiurban,Y,4765.0,3.0010493179433366,Low Income Group,Stable
LP002390,Male,No,0,Graduate,No,3750,0.0,100.0,360.0,1.0,Urban,Y,3750.0,2.666666666666667,Low Income Group,Unstable
LP002393,Female,Yes,0,Graduate,No,10047,0.0,128.0,240.0,1.0,Semiurban,Y,10047.0,1.2740121429282374,High Income Group,Stable
LP002398,Male,No,0,Graduate,No,1926,1851.0,50.0,360.0,1.0,Semiurban,Y,3777.0,1.3238019592268997,Low Income Group,Unstable
LP002401,Male,Yes,0,Graduate,No,2213,1125.0,128.0,360.0,1.0,Urban,Y,3338.0,3.834631515877771,Low Income Group,Stable
LP002403,Male,No,0,Graduate,Yes,10416,0.0,187.0,360.0,0.0,Urban,N,10416.0,1.79531490015361,High Income Group,Unstable
LP002407,Female,Yes,0,Not Graduate,Yes,7142,0.0,138.0,360.0,1.0,Rural,Y,7142.0,1.9322318678241388,Mid Income Group,Unstable
LP002408,Male,No,0,Graduate,No,3660,5064.0,187.0,360.0,1.0,Semiurban,Y,8724.0,2.1435121503897294,Mid Income Group,Unstable
LP002409,Male,Yes,0,Graduate,No,7901,1833.0,180.0,360.0,1.0,Rural,Y,9734.0,1.8491884117526198,Mid Income Group,Stable
LP002418,Male,No,3+,Not Graduate,No,4707,1993.0,148.0,360.0,1.0,Semiurban,Y,6700.0,2.208955223880597,Mid Income Group,Unstable
LP002422,Male,No,1,Graduate,No,37719,0.0,152.0,360.0,1.0,Semiurban,Y,37719.0,0.4029799305389856,High Income Group,Unstable
LP002424,Male,Yes,0,Graduate,No,7333,8333.0,175.0,300.0,1.0,Rural,Y,15666.0,1.1170688114387846,High Income Group,Stable
LP002429,Male,Yes,1,Graduate,Yes,3466,1210.0,130.0,360.0,1.0,Rural,Y,4676.0,2.780153977758768,Low Income Group,Unstable
LP002434,Male,Yes,2,Not Graduate,No,4652,0.0,110.0,360.0,1.0,Rural,Y,4652.0,2.3645743766122096,Low Income Group,Unstable
LP002435,Male,Yes,0,Graduate,No,3539,1376.0,55.0,360.0,1.0,Rural,N,4915.0,1.119023397761953,Low Income Group,Stable
LP002443,Male,Yes,2,Graduate,No,3340,1710.0,150.0,360.0,0.0,Rural,N,5050.0,2.9702970297029703,Mid Income Group,Stable
LP002444,Male,No,1,Not Graduate,Yes,2769,1542.0,190.0,360.0,1.0,Semiurban,N,4311.0,4.407330085826954,Low Income Group,Unstable
LP002446,Male,Yes,2,Not Graduate,No,2309,1255.0,125.0,360.0,0.0,Rural,N,3564.0,3.5072951739618405,Low Income Group,Unstable
LP002447,Male,Yes,2,Not Graduate,No,1958,1456.0,60.0,300.0,1.0,Urban,Y,3414.0,1.7574692442882252,Low Income Group,Unstable
LP002448,Male,Yes,0,Graduate,No,3948,1733.0,149.0,360.0,0.0,Rural,N,5681.0,2.622777679985918,Mid Income Group,Stable
LP002449,Male,Yes,0,Graduate,No,2483,2466.0,90.0,180.0,0.0,Rural,Y,4949.0,1.8185492018589613,Low Income Group,Stable
LP002453,Male,No,0,Graduate,Yes,7085,0.0,84.0,360.0,1.0,Semiurban,Y,7085.0,1.18560338743825,Mid Income Group,Unstable
LP002455,Male,Yes,2,Graduate,No,3859,0.0,96.0,360.0,1.0,Semiurban,Y,3859.0,2.4876911116869653,Low Income Group,Stable
LP002459,Male,Yes,0,Graduate,No,4301,0.0,118.0,360.0,1.0,Urban,Y,4301.0,2.7435480120902116,Low Income Group,Stable
LP002467,Male,Yes,0,Graduate,No,3708,2569.0,173.0,360.0,1.0,Urban,N,6277.0,2.756093675322606,Mid Income Group,Stable
LP002472,Male,No,2,Graduate,No,4354,0.0,136.0,360.0,1.0,Rural,Y,4354.0,3.123564538355535,Low Income Group,Unstable
LP002473,Male,Yes,0,Graduate,No,8334,0.0,160.0,360.0,1.0,Semiurban,N,8334.0,1.9198464122870171,Mid Income Group,Stable
LP002478,Male,Yes,0,Graduate,Yes,2083,4083.0,160.0,360.0,1.0,Semiurban,Y,6166.0,2.594875121634771,Mid Income Group,Unstable
LP002484,Male,Yes,3+,Graduate,No,7740,0.0,128.0,180.0,1.0,Urban,Y,7740.0,1.6537467700258397,Mid Income Group,Stable
LP002487,Male,Yes,0,Graduate,No,3015,2188.0,153.0,360.0,1.0,Rural,Y,5203.0,2.9406111858543147,Mid Income Group,Stable
LP002489,Female,No,1,Not Graduate,No,5191,0.0,132.0,360.0,1.0,Semiurban,Y,5191.0,2.542862646888846,Mid Income Group,Unstable
LP002493,Male,No,0,Graduate,No,4166,0.0,98.0,360.0,0.0,Semiurban,N,4166.0,2.3523763802208353,Low Income Group,Unstable
LP002494,Male,No,0,Graduate,No,6000,0.0,140.0,360.0,1.0,Rural,Y,6000.0,2.3333333333333335,Mid Income Group,Unstable
LP002500,Male,Yes,3+,Not Graduate,No,2947,1664.0,70.0,180.0,0.0,Urban,N,4611.0,1.5181088700932552,Low Income Group,Unstable
LP002501,Male,Yes,0,Graduate,No,16692,0.0,110.0,360.0,1.0,Semiurban,Y,16692.0,0.6589983225497243,High Income Group,Stable
LP002502,Female,Yes,2,Not Graduate,No,210,2917.0,98.0,360.0,1.0,Semiurban,Y,3127.0,3.1339942436840422,Low Income Group,Unstable
LP002505,Male,Yes,0,Graduate,No,4333,2451.0,110.0,360.0,1.0,Urban,N,6784.0,1.6214622641509433,Mid Income Group,Stable
LP002515,Male,Yes,1,Graduate,Yes,3450,2079.0,162.0,360.0,1.0,Semiurban,Y,5529.0,2.930005425935974,Mid Income Group,Unstable
LP002517,Male,Yes,1,Not Graduate,No,2653,1500.0,113.0,180.0,0.0,Rural,N,4153.0,2.7209246327955694,Low Income Group,Unstable
LP002519,Male,Yes,3+,Graduate,No,4691,0.0,100.0,360.0,1.0,Semiurban,Y,4691.0,2.131741632914091,Low Income Group,Stable
LP002522,Female,No,0,Graduate,Yes,2500,0.0,93.0,360.0,1.0,Urban,Y,2500.0,3.7199999999999998,Low Income Group,Unstable
LP002524,Male,No,2,Graduate,No,5532,4648.0,162.0,360.0,1.0,Rural,Y,10180.0,1.5913555992141455,High Income Group,Unstable
LP002527,Male,Yes,2,Graduate,Yes,16525,1014.0,150.0,360.0,1.0,Rural,Y,17539.0,0.8552369006214722,High Income Group,Unstable
LP002529,Male,Yes,2,Graduate,No,6700,1750.0,230.0,300.0,1.0,Semiurban,Y,8450.0,2.72189349112426,Mid Income Group,Stable
LP002530,Male,Yes,2,Graduate,No,2873,1872.0,132.0,360.0,0.0,Semiurban,N,4745.0,2.781875658587987,Low Income Group,Stable
LP002531,Male,Yes,1,Graduate,Yes,16667,2250.0,86.0,360.0,1.0,Semiurban,Y,18917.0,0.4546175397790347,High Income Group,Unstable
LP002533,Male,Yes,2,Graduate,No,2947,1603.0,128.0,360.0,1.0,Urban,N,4550.0,2.813186813186813,Low Income Group,Stable
LP002534,Female,No,0,Not Graduate,No,4350,0.0,154.0,360.0,1.0,Rural,Y,4350.0,3.5402298850574714,Low Income Group,Unstable
LP002536,Male,Yes,3+,Not Graduate,No,3095,0.0,113.0,360.0,1.0,Rural,Y,3095.0,3.6510500807754442,Low Income Group,Unstable
LP002537,Male,Yes,0,Graduate,No,2083,3150.0,128.0,360.0,1.0,Semiurban,Y,5233.0,2.4460156697878843,Mid Income Group,Stable
LP002541,Male,Yes,0,Graduate,No,10833,0.0,234.0,360.0,1.0,Semiurban,Y,10833.0,2.1600664635834947,High Income Group,Stable
LP002543,Male,Yes,2,Graduate,No,8333,0.0,246.0,360.0,1.0,Semiurban,Y,8333.0,2.9521180847233888,Mid Income Group,Stable
LP002544,Male,Yes,1,Not Graduate,No,1958,2436.0,131.0,360.0,1.0,Rural,Y,4394.0,2.98133818843878,Low Income Group,Unstable
LP002545,Male,No,2,Graduate,No,3547,0.0,80.0,360.0,0.0,Rural,N,3547.0,2.255427121511136,Low Income Group,Unstable
LP002547,Male,Yes,1,Graduate,No,18333,0.0,500.0,360.0,1.0,Urban,N,18333.0,2.7273223149511807,High Income Group,Stable
LP002555,Male,Yes,2,Graduate,Yes,4583,2083.0,160.0,360.0,1.0,Semiurban,Y,6666.0,2.4002400240024,Mid Income Group,Unstable
LP002556,Male,No,0,Graduate,No,2435,0.0,75.0,360.0,1.0,Urban,N,2435.0,3.0800821355236137,Low Income Group,Unstable
LP002560,Male,No,0,Not Graduate,No,2699,2785.0,96.0,360.0,1.0,Semiurban,Y,5484.0,1.75054704595186,Mid Income Group,Unstable
LP002562,Male,Yes,1,Not Graduate,No,5333,1131.0,186.0,360.0,1.0,Urban,Y,6464.0,2.8774752475247527,Mid Income Group,Unstable
LP002571,Male,No,0,Not Graduate,No,3691,0.0,110.0,360.0,1.0,Rural,Y,3691.0,2.9802221620157137,Low Income Group,Unstable
LP002582,Female,No,0,Not Graduate,Yes,17263,0.0,225.0,360.0,1.0,Semiurban,Y,17263.0,1.3033655795632277,High Income Group,Unstable
LP002585,Male,Yes,0,Graduate,No,3597,2157.0,119.0,360.0,0.0,Rural,N,5754.0,2.068126520681265,Mid Income Group,Stable
LP002586,Female,Yes,1,Graduate,No,3326,913.0,105.0,84.0,1.0,Semiurban,Y,4239.0,2.4769992922859165,Low Income Group,Stable
LP002587,Male,Yes,0,Not Graduate,No,2600,1700.0,107.0,360.0,1.0,Rural,Y,4300.0,2.488372093023256,Low Income Group,Unstable
LP002588,Male,Yes,0,Graduate,No,4625,2857.0,111.0,12.0,1.0,Urban,Y,7482.0,1.483560545308741,Mid Income Group,Stable
LP002600,Male,Yes,1,Graduate,Yes,2895,0.0,95.0,360.0,1.0,Semiurban,Y,2895.0,3.281519861830743,Low Income Group,Unstable
LP002602,Male,No,0,Graduate,No,6283,4416.0,209.0,360.0,0.0,Rural,N,10699.0,1.9534535937938124,High Income Group,Unstable
LP002603,Female,No,0,Graduate,No,645,3683.0,113.0,480.0,1.0,Rural,Y,4328.0,2.61090573012939,Low Income Group,Unstable
LP002606,Female,No,0,Graduate,No,3159,0.0,100.0,360.0,1.0,Semiurban,Y,3159.0,3.165558721114277,Low Income Group,Unstable
LP002615,Male,Yes,2,Graduate,No,4865,5624.0,208.0,360.0,1.0,Semiurban,Y,10489.0,1.9830298407855849,High Income Group,Stable
LP002618,Male,Yes,1,Not Graduate,No,4050,5302.0,138.0,360.0,1.0,Rural,N,9352.0,1.4756201881950384,Mid Income Group,Unstable
LP002619,Male,Yes,0,Not Graduate,No,3814,1483.0,124.0,300.0,1.0,Semiurban,Y,5297.0,2.34094770624882,Mid Income Group,Unstable
LP002622,Male,Yes,2,Graduate,No,3510,4416.0,243.0,360.0,1.0,Rural,Y,7926.0,3.0658591975775926,Mid Income Group,Stable
LP002624,Male,Yes,0,Graduate,No,20833,6667.0,480.0,360.0,1.0,Urban,Y,27500.0,1.7454545454545456,High Income Group,Stable
LP002625,Male,No,0,Graduate,No,3583,0.0,96.0,360.0,1.0,Urban,N,3583.0,2.6793190064192016,Low Income Group,Unstable
LP002626,Male,Yes,0,Graduate,Yes,2479,3013.0,188.0,360.0,1.0,Urban,Y,5492.0,3.423160961398398,Mid Income Group,Unstable
LP002634,Female,No,1,Graduate,No,13262,0.0,40.0,360.0,1.0,Urban,Y,13262.0,0.3016136329362087,High Income Group,Unstable
LP002637,Male,No,0,Not Graduate,No,3598,1287.0,100.0,360.0,1.0,Rural,N,4885.0,2.047082906857728,Low Income Group,Unstable
LP002640,Male,Yes,1,Graduate,No,6065,2004.0,250.0,360.0,1.0,Semiurban,Y,8069.0,3.098277357789069,Mid Income Group,Stable
LP002643,Male,Yes,2,Graduate,No,3283,2035.0,148.0,360.0,1.0,Urban,Y,5318.0,2.7830011282437006,Mid Income Group,Stable
LP002648,Male,Yes,0,Graduate,No,2130,6666.0,70.0,180.0,1.0,Semiurban,N,8796.0,0.7958162801273306,Mid Income Group,Stable
LP002652,Male,No,0,Graduate,No,5815,3666.0,311.0,360.0,1.0,Rural,N,9481.0,3.280244699926168,Mid Income Group,Unstable
LP002659,Male,Yes,3+,Graduate,No,3466,3428.0,150.0,360.0,1.0,Rural,Y,6894.0,2.175805047867711,Mid Income Group,Stable
LP002670,Female,Yes,2,Graduate,No,2031,1632.0,113.0,480.0,1.0,Semiurban,Y,3663.0,3.0849030849030847,Low Income Group,Stable
LP002682,Male,Yes,0,Not Graduate,No,3074,1800.0,123.0,360.0,0.0,Semiurban,N,4874.0,2.5235945835043085,Low Income Group,Unstable
LP002683,Male,No,0,Graduate,No,4683,1915.0,185.0,360.0,1.0,Semiurban,N,6598.0,2.803879963625341,Mid Income Group,Unstable
LP002684,Female,No,0,Not Graduate,No,3400,0.0,95.0,360.0,1.0,Rural,N,3400.0,2.794117647058824,Low Income Group,Unstable
LP002689,Male,Yes,2,Not Graduate,No,2192,1742.0,45.0,360.0,1.0,Semiurban,Y,3934.0,1.1438739196746313,Low Income Group,Unstable
LP002690,Male,No,0,Graduate,No,2500,0.0,55.0,360.0,1.0,Semiurban,Y,2500.0,2.1999999999999997,Low Income Group,Unstable
LP002692,Male,Yes,3+,Graduate,Yes,5677,1424.0,100.0,360.0,1.0,Rural,Y,7101.0,1.408252358822701,Mid Income Group,Unstable
LP002693,Male,Yes,2,Graduate,Yes,7948,7166.0,480.0,360.0,1.0,Rural,Y,15114.0,3.1758634378721715,High Income Group,Unstable
LP002697,Male,No,0,Graduate,No,4680,2087.0,128.0,360.0,1.0,Semiurban,N,6767.0,1.891532436825772,Mid Income Group,Unstable
LP002699,Male,Yes,2,Graduate,Yes,17500,0.0,400.0,360.0,1.0,Rural,Y,17500.0,2.2857142857142856,High Income Group,Unstable
LP002705,Male,Yes,0,Graduate,No,3775,0.0,110.0,360.0,1.0,Semiurban,Y,3775.0,2.913907284768212,Low Income Group,Stable
LP002706,Male,Yes,1,Not Graduate,No,5285,1430.0,161.0,360.0,0.0,Semiurban,Y,6715.0,2.3976172747580042,Mid Income Group,Unstable
LP002714,Male,No,1,Not Graduate,No,2679,1302.0,94.0,360.0,1.0,Semiurban,Y,3981.0,2.361215774930922,Low Income Group,Unstable
LP002716,Male,No,0,Not Graduate,No,6783,0.0,130.0,360.0,1.0,Semiurban,Y,6783.0,1.9165560961226595,Mid Income Group,Unstable
LP002717,Male,Yes,0,Graduate,No,1025,5500.0,216.0,360.0,1.0,Rural,Y,6525.0,3.310344827586207,Mid Income Group,Stable
LP002720,Male,Yes,3+,Graduate,No,4281,0.0,100.0,360.0,1.0,Urban,Y,4281.0,2.3359028264424198,Low Income Group,Stable
LP002723,Male,No,2,Graduate,No,3588,0.0,110.0,360.0,0.0,Rural,N,3588.0,3.0657748049052396,Low Income Group,Unstable
LP002729,Male,No,1,Graduate,No,11250,0.0,196.0,360.0,1.0,Semiurban,N,11250.0,1.7422222222222221,High Income Group,Unstable
LP002731,Female,No,0,Not Graduate,Yes,18165,0.0,125.0,360.0,1.0,Urban,Y,18165.0,0.6881365262868153,High Income Group,Unstable
LP002732,Male,No,0,Not Graduate,No,2550,2042.0,126.0,360.0,1.0,Rural,Y,4592.0,2.7439024390243905,Low Income Group,Unstable
LP002734,Male,Yes,0,Graduate,No,6133,3906.0,324.0,360.0,1.0,Urban,Y,10039.0,3.227413088953083,High Income Group,Stable
LP002738,Male,No,2,Graduate,No,3617,0.0,107.0,360.0,1.0,Semiurban,Y,3617.0,2.958252695604092,Low Income Group,Unstable
LP002739,Male,Yes,0,Not Graduate,No,2917,536.0,66.0,360.0,1.0,Rural,N,3453.0,1.9113814074717639,Low Income Group,Unstable
LP002740,Male,Yes,3+,Graduate,No,6417,0.0,157.0,180.0,1.0,Rural,Y,6417.0,2.446626149290946,Mid Income Group,Stable
LP002741,Female,Yes,1,Graduate,No,4608,2845.0,140.0,180.0,1.0,Semiurban,Y,7453.0,1.8784382128002146,Mid Income Group,Stable
LP002743,Female,No,0,Graduate,No,2138,0.0,99.0,360.0,0.0,Semiurban,N,2138.0,4.630495790458372,Low Income Group,Unstable
LP002753,Female,No,1,Graduate,No,3652,0.0,95.0,360.0,1.0,Semiurban,Y,3652.0,2.6013143483023002,Low Income Group,Unstable
LP002755,Male,Yes,1,Not Graduate,No,2239,2524.0,128.0,360.0,1.0,Urban,Y,4763.0,2.6873819021625023,Low Income Group,Unstable
LP002757,Female,Yes,0,Not Graduate,No,3017,663.0,102.0,360.0,1.0,Semiurban,Y,3680.0,2.7717391304347827,Low Income Group,Unstable
LP002767,Male,Yes,0,Graduate,No,2768,1950.0,155.0,360.0,1.0,Rural,Y,4718.0,3.2852903772785083,Low Income Group,Stable
LP002768,Male,No,0,Not Graduate,No,3358,0.0,80.0,36.0,1.0,Semiurban,N,3358.0,2.3823704586063132,Low Income Group,Unstable
LP002772,Male,No,0,Graduate,No,2526,1783.0,145.0,360.0,1.0,Rural,Y,4309.0,3.365049895567417,Low Income Group,Unstable
LP002776,Female,No,0,Graduate,No,5000,0.0,103.0,360.0,0.0,Semiurban,N,5000.0,2.06,Mid Income Group,Unstable
LP002777,Male,Yes,0,Graduate,No,2785,2016.0,110.0,360.0,1.0,Rural,Y,4801.0,2.2911893355550927,Low Income Group,Stable
LP002778,Male,Yes,2,Graduate,Yes,6633,0.0,128.0,360.0,0.0,Rural,N,6633.0,1.9297452133273028,Mid Income Group,Unstable
LP002784,Male,Yes,1,Not Graduate,No,2492,2375.0,128.0,360.0,1.0,Rural,Y,4867.0,2.6299568522703924,Low Income Group,Unstable
LP002785,Male,Yes,1,Graduate,No,3333,3250.0,158.0,360.0,1.0,Urban,Y,6583.0,2.4001215251405137,Mid Income Group,Stable
LP002788,Male,Yes,0,Not Graduate,No,2454,2333.0,181.0,360.0,0.0,Urban,N,4787.0,3.781073741382912,Low Income Group,Unstable
LP002789,Male,Yes,0,Graduate,No,3593,4266.0,132.0,180.0,0.0,Rural,N,7859.0,1.679603002926581,Mid Income Group,Stable
LP002792,Male,Yes,1,Graduate,No,5468,1032.0,26.0,360.0,1.0,Semiurban,Y,6500.0,0.4,Mid Income Group,Stable
LP002794,Female,No,0,Graduate,No,2667,1625.0,84.0,360.0,1.0,Urban,Y,4292.0,1.95712954333644,Low Income Group,Unstable
LP002795,Male,Yes,3+,Graduate,Yes,10139,0.0,260.0,360.0,1.0,Semiurban,Y,10139.0,2.5643554591182562,High Income Group,Unstable
LP002798,Male,Yes,0,Graduate,No,3887,2669.0,162.0,360.0,1.0,Semiurban,Y,6556.0,2.471018913971934,Mid Income Group,Stable
LP002804,Female,Yes,0,Graduate,No,4180,2306.0,182.0,360.0,1.0,Semiurban,Y,6486.0,2.80604378661733,Mid Income Group,Stable
LP002807,Male,Yes,2,Not Graduate,No,3675,242.0,108.0,360.0,1.0,Semiurban,Y,3917.0,2.7572121521572632,Low Income Group,Unstable
LP002813,Female,Yes,1,Graduate,Yes,19484,0.0,600.0,360.0,1.0,Semiurban,Y,19484.0,3.079449804968179,High Income Group,Unstable
LP002820,Male,Yes,0,Graduate,No,5923,2054.0,211.0,360.0,1.0,Rural,Y,7977.0,2.6451046759433368,Mid Income Group,Stable
LP002821,Male,No,0,Not Graduate,Yes,5800,0.0,132.0,360.0,1.0,Semiurban,Y,5800.0,2.2758620689655173,Mid Income Group,Unstable
LP002832,Male,Yes,2,Graduate,No,8799,0.0,258.0,360.0,0.0,Urban,N,8799.0,2.9321513808387314,Mid Income Group,Stable
LP002833,Male,Yes,0,Not Graduate,No,4467,0.0,120.0,360.0,1.0,Rural,Y,4467.0,2.6863666890530555,Low Income Group,Unstable
LP002836,Male,No,0,Graduate,No,3333,0.0,70.0,360.0,1.0,Urban,Y,3333.0,2.1002100210021,Low Income Group,Unstable
LP002837,Male,Yes,3+,Graduate,No,3400,2500.0,123.0,360.0,0.0,Rural,N,5900.0,2.0847457627118646,Mid Income Group,Stable
LP002840,Female,No,0,Graduate,No,2378,0.0,9.0,360.0,1.0,Urban,N,2378.0,0.37846930193439865,Low Income Group,Unstable
LP002841,Male,Yes,0,Graduate,No,3166,2064.0,104.0,360.0,0.0,Urban,N,5230.0,1.9885277246653918,Mid Income Group,Stable
LP002842,Male,Yes,1,Graduate,No,3417,1750.0,186.0,360.0,1.0,Urban,Y,5167.0,3.5997677569189084,Mid Income Group,Stable
LP002847,Male,Yes,0,Graduate,No,5116,1451.0,165.0,360.0,0.0,Urban,N,6567.0,2.512562814070352,Mid Income Group,Stable
LP002855,Male,Yes,2,Graduate,No,16666,0.0,275.0,360.0,1.0,Urban,Y,16666.0,1.6500660026401055,High Income Group,Stable
LP002862,Male,Yes,2,Not Graduate,No,6125,1625.0,187.0,480.0,1.0,Semiurban,N,7750.0,2.412903225806452,Mid Income Group,Unstable
LP002863,Male,Yes,3+,Graduate,No,6406,0.0,150.0,360.0,1.0,Semiurban,N,6406.0,2.3415547923821416,Mid Income Group,Stable
LP002868,Male,Yes,2,Graduate,No,3159,461.0,108.0,84.0,1.0,Urban,Y,3620.0,2.983425414364641,Low Income Group,Stable
LP002872,Male,Yes,0,Graduate,No,3087,2210.0,136.0,360.0,0.0,Semiurban,N,5297.0,2.567491032659996,Mid Income Group,Stable
LP002874,Male,No,0,Graduate,No,3229,2739.0,110.0,360.0,1.0,Urban,Y,5968.0,1.8431635388739944,Mid Income Group,Unstable
LP002877,Male,Yes,1,Graduate,No,1782,2232.0,107.0,360.0,1.0,Rural,Y,4014.0,2.665670154459392,Low Income Group,Stable
LP002888,Male,No,0,Graduate,No,3182,2917.0,161.0,360.0,1.0,Urban,Y,6099.0,2.6397770126250206,Mid Income Group,Unstable
LP002892,Male,Yes,2,Graduate,No,6540,0.0,205.0,360.0,1.0,Semiurban,Y,6540.0,3.134556574923547,Mid Income Group,Stable
LP002893,Male,No,0,Graduate,No,1836,33837.0,90.0,360.0,1.0,Urban,N,35673.0,0.2522916491464132,High Income Group,Unstable
LP002894,Female,Yes,0,Graduate,No,3166,0.0,36.0,360.0,1.0,Semiurban,Y,3166.0,1.137081490840177,Low Income Group,Stable
LP002898,Male,Yes,1,Graduate,No,1880,0.0,61.0,360.0,1.0,Rural,N,1880.0,3.2446808510638294,Low Income Group,Stable
LP002911,Male,Yes,1,Graduate,No,2787,1917.0,146.0,360.0,0.0,Rural,N,4704.0,3.1037414965986394,Low Income Group,Stable
LP002912,Male,Yes,1,Graduate,No,4283,3000.0,172.0,84.0,1.0,Rural,N,7283.0,2.361664149388988,Mid Income Group,Stable
LP002916,Male,Yes,0,Graduate,No,2297,1522.0,104.0,360.0,1.0,Urban,Y,3819.0,2.7232259753862267,Low Income Group,Stable
LP002917,Female,No,0,Not Graduate,No,2165,0.0,70.0,360.0,1.0,Semiurban,Y,2165.0,3.233256351039261,Low Income Group,Unstable
LP002925,Male,No,0,Graduate,No,4750,0.0,94.0,360.0,1.0,Semiurban,Y,4750.0,1.9789473684210528,Low Income Group,Unstable
LP002926,Male,Yes,2,Graduate,Yes,2726,0.0,106.0,360.0,0.0,Semiurban,N,2726.0,3.8884812912692595,Low Income Group,Unstable
LP002928,Male,Yes,0,Graduate,No,3000,3416.0,56.0,180.0,1.0,Semiurban,Y,6416.0,0.8728179551122194,Mid Income Group,Stable
LP002931,Male,Yes,2,Graduate,Yes,6000,0.0,205.0,240.0,1.0,Semiurban,N,6000.0,3.4166666666666665,Mid Income Group,Unstable
LP002933,Male,No,3+,Graduate,Yes,9357,0.0,292.0,360.0,1.0,Semiurban,Y,9357.0,3.120658330661537,Mid Income Group,Unstable
LP002936,Male,Yes,0,Graduate,No,3859,3300.0,142.0,180.0,1.0,Rural,Y,7159.0,1.9835172510127113,Mid Income Group,Stable
LP002938,Male,Yes,0,Graduate,Yes,16120,0.0,260.0,360.0,1.0,Urban,Y,16120.0,1.6129032258064515,High Income Group,Unstable
LP002940,Male,No,0,Not Graduate,No,3833,0.0,110.0,360.0,1.0,Rural,Y,3833.0,2.869814766501435,Low Income Group,Unstable
LP002941,Male,Yes,2,Not Graduate,Yes,6383,1000.0,187.0,360.0,1.0,Rural,N,7383.0,2.532845726669376,Mid Income Group,Unstable
LP002943,Male,No,0,Graduate,No,2987,0.0,88.0,360.0,0.0,Semiurban,N,2987.0,2.9460997656511547,Low Income Group,Unstable
LP002945,Male,Yes,0,Graduate,Yes,9963,0.0,180.0,360.0,1.0,Rural,Y,9963.0,1.8066847335140017,Mid Income Group,Unstable
LP002948,Male,Yes,2,Graduate,No,5780,0.0,192.0,360.0,1.0,Urban,Y,5780.0,3.3217993079584778,Mid Income Group,Stable
LP002949,Female,No,3+,Graduate,No,416,41667.0,350.0,180.0,1.0,Urban,N,42083.0,0.8316897559584631,High Income Group,Unstable
LP002950,Male,Yes,0,Not Graduate,No,2894,2792.0,155.0,360.0,1.0,Rural,Y,5686.0,2.725993668659866,Mid Income Group,Unstable
LP002953,Male,Yes,3+,Graduate,No,5703,0.0,128.0,360.0,1.0,Urban,Y,5703.0,2.244432754690514,Mid Income Group,Stable
LP002958,Male,No,0,Graduate,No,3676,4301.0,172.0,360.0,1.0,Rural,Y,7977.0,2.1561990723329574,Mid Income Group,Unstable
LP002959,Female,Yes,1,Graduate,No,12000,0.0,496.0,360.0,1.0,Semiurban,Y,12000.0,4.133333333333333,High Income Group,Stable
LP002960,Male,Yes,0,Not Graduate,No,2400,3800.0,128.0,180.0,1.0,Urban,N,6200.0,2.064516129032258,Mid Income Group,Unstable
LP002961,Male,Yes,1,Graduate,No,3400,2500.0,173.0,360.0,1.0,Semiurban,Y,5900.0,2.932203389830508,Mid Income Group,Stable
LP002964,Male,Yes,2,Not Graduate,No,3987,1411.0,157.0,360.0,1.0,Rural,Y,5398.0,2.9084846239347906,Mid Income Group,Unstable
LP002974,Male,Yes,0,Graduate,No,3232,1950.0,108.0,360.0,1.0,Rural,Y,5182.0,2.084137398687765,Mid Income Group,Stable
LP002978,Female,No,0,Graduate,No,2900,0.0,71.0,360.0,1.0,Rural,Y,2900.0,2.4482758620689657,Low Income Group,Unstable
LP002979,Male,Yes,3+,Graduate,No,4106,0.0,40.0,180.0,1.0,Rural,Y,4106.0,0.974184120798831,Low Income Group,Stable
LP002983,Male,Yes,1,Graduate,No,8072,240.0,253.0,360.0,1.0,Urban,Y,8312.0,3.0437921077959578,Mid Income Group,Stable
LP002984,Male,Yes,2,Graduate,No,7583,0.0,187.0,360.0,1.0,Urban,Y,7583.0,2.466042463404985,Mid Income Group,Stable
LP002990,Female,No,0,Graduate,Yes,4583,0.0,133.0,360.0,0.0,Semiurban,N,4583.0,2.902029238490072,Low Income Group,Unstable
